{"type": "FeatureCollection", "features": [{"id": "0", "type": "Feature", "properties": {"name": null, "highway": "motorway_link", "ref": null}, "geometry": {"type": "LineString", "coordinates": [[77.50072, 28.4579772], [77.5009575, 28.4578096], [77.5010748, 28.4577622], [77.5012199, 28.4577518], [77.5013691, 28.4578063], [77.503283, 28.459201], [77.5035282, 28.459279]]}}, {"id": "1", "type": "Feature", "properties": {"name": null, "highway": "trunk", "ref": "NH334DD"}, "geometry": {"type": "LineString", "coordinates": [[77.5739554, 28.1389622], [77.5736877, 28.1389237]]}}, {"id": "2", "type": "Feature", "properties": {"name": null, "highway": "motorway_link", "ref": null}, "geometry": {"type": "LineString", "coordinates": [[77.5738862, 28.1386877], [77.5739583, 28.1381518]]}}, {"id": "3", "type": "Feature", "properties": {"name": null, "highway": "motorway_link", "ref": null}, "geometry": {"type": "LineString", "coordinates": [[77.5738862, 28.1386877], [77.5739554, 28.1389622]]}}, {"id": "4", "type": "Feature", "properties": {"name": null, "highway": "trunk_link", "ref": null}, "geometry": {"type": "LineString", "coordinates": [[77.3123602, 28.5732845], [77.3122056, 28.5730513]]}}, {"id": "5", "type": "Feature", "properties": {"name": null, "highway": "trunk_link", "ref": null}, "geometry": {"type": "LineString", "coordinates": [[77.3122056, 28.5730513], [77.3119842, 28.5729372], [77.3117408, 28.5727316], [77.3116621, 28.5726211], [77.3116201, 28.5725012], [77.3116122, 28.572333], [77.3116332, 28.5720934], [77.311586, 28.5718676], [77.3115125, 28.5717593], [77.3113577, 28.5716049], [77.3112239, 28.5715197], [77.3110954, 28.5713699], [77.3110429, 28.5712593], [77.3110193, 28.5711718], [77.3110114, 28.5711027], [77.3110298, 28.5709944], [77.3111627, 28.5706874]]}}, {"id": "6", "type": "Feature", "properties": {"name": "Noida-Greater Noida Expressway", "highway": "motorway", "ref": null}, "geometry": {"type": "LineString", "coordinates": [[77.5111928, 28.4649368], [77.5110205, 28.4648876], [77.5108831, 28.4648383], [77.509924, 28.4640485]]}}, {"id": "7", "type": "Feature", "properties": {"name": null, "highway": "motorway_link", "ref": null}, "geometry": {"type": "LineString", "coordinates": [[77.3674665, 28.5260127], [77.3675228, 28.5260834], [77.3675442, 28.5261788], [77.3674651, 28.5263296], [77.3673025, 28.5265172]]}}, {"id": "8", "type": "Feature", "properties": {"name": null, "highway": "motorway_link", "ref": null}, "geometry": {"type": "LineString", "coordinates": [[77.4867543, 28.4462034], [77.4868554, 28.4460828]]}}, {"id": "9", "type": "Feature", "properties": {"name": null, "highway": "motorway_link", "ref": null}, "geometry": {"type": "LineString", "coordinates": [[77.380037, 28.5170067], [77.3796558, 28.5176762]]}}, {"id": "10", "type": "Feature", "properties": {"name": "Noida-Greater Noida Expressway", "highway": "motorway", "ref": null}, "geometry": {"type": "LineString", "coordinates": [[77.3796558, 28.5176762], [77.37714, 28.5200139], [77.3765417, 28.5205685], [77.375972, 28.5209826], [77.3751155, 28.5215155], [77.3737877, 28.5221493], [77.3725049, 28.5228118], [77.3718123, 28.5231683], [77.371538, 28.52331], [77.3714109, 28.5233858], [77.3710746, 28.5236076], [77.3703658, 28.524158], [77.3691837, 28.5250876]]}}, {"id": "11", "type": "Feature", "properties": {"name": "Noida-Greater Noida Expressway", "highway": "motorway", "ref": null}, "geometry": {"type": "LineString", "coordinates": [[77.3768119, 28.5205481], [77.3772753, 28.5201436], [77.379983, 28.517603], [77.3815449, 28.5161394], [77.3836537, 28.5141633], [77.3837094, 28.5141111]]}}, {"id": "12", "type": "Feature", "properties": {"name": null, "highway": "motorway_link", "ref": null}, "geometry": {"type": "LineString", "coordinates": [[77.376288, 28.5211959], [77.3766342, 28.5207927], [77.3768119, 28.5205481]]}}, {"id": "13", "type": "Feature", "properties": {"name": "Noida-Greater Noida Expressway", "highway": "motorway", "ref": null}, "geometry": {"type": "LineString", "coordinates": [[77.370409, 28.5243388], [77.3707572, 28.5240662], [77.3716632, 28.5234587], [77.3721192, 28.5232247], [77.3738905, 28.5223161], [77.375218, 28.5216631], [77.376095, 28.5211266], [77.3766441, 28.5206945], [77.3768119, 28.5205481]]}}, {"id": "14", "type": "Feature", "properties": {"name": null, "highway": "motorway_link", "ref": null}, "geometry": {"type": "LineString", "coordinates": [[77.370409, 28.5243388], [77.3712189, 28.5238823], [77.3717936, 28.5236334]]}}, {"id": "15", "type": "Feature", "properties": {"name": null, "highway": "motorway_link", "ref": null}, "geometry": {"type": "LineString", "coordinates": [[77.4267081, 28.4900176], [77.4273931, 28.489289]]}}, {"id": "16", "type": "Feature", "properties": {"name": "Noida-Greater Noida Expressway", "highway": "motorway", "ref": null}, "geometry": {"type": "LineString", "coordinates": [[77.3691837, 28.5250876], [77.3682888, 28.5257913], [77.3677552, 28.5261971], [77.3673025, 28.5265172]]}}, {"id": "17", "type": "Feature", "properties": {"name": null, "highway": "motorway_link", "ref": null}, "geometry": {"type": "LineString", "coordinates": [[77.3691837, 28.5250876], [77.368829, 28.5252833], [77.3685554, 28.5254541], [77.3683704, 28.5255048], [77.3682926, 28.5254977], [77.3682228, 28.525453], [77.3681933, 28.5254223]]}}, {"id": "18", "type": "Feature", "properties": {"name": null, "highway": "trunk_link", "ref": null}, "geometry": {"type": "LineString", "coordinates": [[77.3219714, 28.5583545], [77.3213658, 28.5586763], [77.3204023, 28.5591797], [77.3202843, 28.5592438], [77.3199978, 28.5594101], [77.3197871, 28.5595251], [77.3196719, 28.5595991], [77.3195489, 28.5597555]]}}, {"id": "19", "type": "Feature", "properties": {"name": null, "highway": "motorway", "ref": null}, "geometry": {"type": "LineString", "coordinates": [[77.322191, 28.5584965], [77.3226352, 28.5582763], [77.3232882, 28.5578345]]}}, {"id": "20", "type": "Feature", "properties": {"name": null, "highway": "motorway_link", "ref": null}, "geometry": {"type": "LineString", "coordinates": [[77.305945, 28.5732369], [77.3062071, 28.5731716], [77.3065866, 28.5729651], [77.3068855, 28.5728457], [77.3072347, 28.5727277], [77.3075554, 28.5726599], [77.3078829, 28.5726098], [77.3081801, 28.5726068], [77.3084336, 28.5726289], [77.3086421, 28.5727157], [77.3087508, 28.5728108], [77.3088383, 28.5729224], [77.3088746, 28.5730545], [77.3088574, 28.5732731], [77.3087711, 28.5734371], [77.3083775, 28.5740025], [77.3083588, 28.5741818]]}}, {"id": "21", "type": "Feature", "properties": {"name": "DND Noida Flyover, DND Noida Flyover Ramp, DND Flyway", "highway": "motorway, motorway_link", "ref": null}, "geometry": {"type": "LineString", "coordinates": [[77.305945, 28.5732369], [77.3061317, 28.5731043], [77.3062155, 28.5730448], [77.3065429, 28.5728678], [77.306778, 28.5727646], [77.3070416, 28.572651], [77.3073204, 28.5725596], [77.3076965, 28.5724947], [77.3080575, 28.5724475], [77.3084269, 28.5724313], [77.3087755, 28.5724472], [77.3089831, 28.572458], [77.3092863, 28.5724976], [77.3095342, 28.5725485], [77.3098631, 28.5726895], [77.310136, 28.5727743], [77.3103606, 28.5728775], [77.3105053, 28.5730093], [77.3105957, 28.5731116], [77.3106341, 28.5732278], [77.310646, 28.5733678], [77.3106083, 28.5735294], [77.3105397, 28.5736575], [77.3103766, 28.5738007], [77.3102307, 28.5738912], [77.3100247, 28.5739213], [77.3098101, 28.5738836], [77.3096701, 28.5738213], [77.3095612, 28.5737329], [77.3094707, 28.573624], [77.3094239, 28.5735143], [77.3093989, 28.573356], [77.3094414, 28.5731131], [77.3095304, 28.5728881]]}}, {"id": "22", "type": "Feature", "properties": {"name": "Dadri Road", "highway": "trunk", "ref": null}, "geometry": {"type": "LineString", "coordinates": [[77.3033067, 28.5813229], [77.3034278, 28.5811573]]}}, {"id": "23", "type": "Feature", "properties": {"name": null, "highway": "motorway_link", "ref": null}, "geometry": {"type": "LineString", "coordinates": [[77.5736877, 28.1389237], [77.5738862, 28.1386877]]}}, {"id": "24", "type": "Feature", "properties": {"name": null, "highway": "trunk", "ref": "NH334DD"}, "geometry": {"type": "LineString", "coordinates": [[77.5736877, 28.1389237], [77.5739554, 28.1389622]]}}, {"id": "25", "type": "Feature", "properties": {"name": null, "highway": "trunk", "ref": "NH334DD"}, "geometry": {"type": "LineString", "coordinates": [[77.5736877, 28.1389237], [77.5729397, 28.1388273], [77.5726546, 28.1387526]]}}, {"id": "26", "type": "Feature", "properties": {"name": null, "highway": "motorway_link", "ref": null}, "geometry": {"type": "LineString", "coordinates": [[77.5739583, 28.1381518], [77.5738862, 28.1386877]]}}, {"id": "27", "type": "Feature", "properties": {"name": null, "highway": "motorway_link", "ref": null}, "geometry": {"type": "LineString", "coordinates": [[77.5739583, 28.1381518], [77.5739479, 28.1379119], [77.5742295, 28.1352085], [77.5743288, 28.1342434], [77.5742488, 28.1334896]]}}, {"id": "28", "type": "Feature", "properties": {"name": null, "highway": "motorway_link", "ref": null}, "geometry": {"type": "LineString", "coordinates": [[77.5757283, 28.1404694], [77.575797, 28.1404176]]}}, {"id": "29", "type": "Feature", "properties": {"name": "Yamuna Expressway", "highway": "motorway", "ref": null}, "geometry": {"type": "LineString", "coordinates": [[77.5720625, 28.1475335], [77.5719676, 28.1482355], [77.5716286, 28.1507427], [77.5713575, 28.1527543], [77.571243, 28.153459], [77.5709126, 28.1550915], [77.5708665, 28.1553195], [77.56967, 28.1612311], [77.5693192, 28.1629815], [77.5692287, 28.1634331], [77.5691908, 28.1636222], [77.5686924, 28.165985], [77.5684974, 28.1668573], [77.5683737, 28.1674702]]}}, {"id": "30", "type": "Feature", "properties": {"name": null, "highway": "motorway", "ref": null}, "geometry": {"type": "LineString", "coordinates": [[77.3247148, 28.5567572], [77.324989, 28.5565052], [77.3257393, 28.5558635]]}}, {"id": "31", "type": "Feature", "properties": {"name": "Noida-Greater Noida Expressway", "highway": "motorway", "ref": null}, "geometry": {"type": "LineString", "coordinates": [[77.3837094, 28.5141111], [77.3846792, 28.5132023], [77.3853604, 28.5125797], [77.3860415, 28.5119044]]}}, {"id": "32", "type": "Feature", "properties": {"name": null, "highway": "motorway_link", "ref": null}, "geometry": {"type": "LineString", "coordinates": [[77.3837094, 28.5141111], [77.383877, 28.5140536], [77.3840894, 28.5139562], [77.3843309, 28.5138175]]}}, {"id": "33", "type": "Feature", "properties": {"name": "Noida-Greater Noida Expressway", "highway": "motorway", "ref": null}, "geometry": {"type": "LineString", "coordinates": [[77.4273931, 28.489289], [77.4324744, 28.4857391], [77.4335208, 28.4849292], [77.4345389, 28.4840884], [77.4353215, 28.4834526], [77.4360735, 28.4828629], [77.4370178, 28.4821805], [77.4372216, 28.4820332], [77.4376857, 28.4816979], [77.4389896, 28.4807658], [77.4399309, 28.4800525], [77.440786, 28.4793208], [77.4438536, 28.4766383], [77.4447444, 28.4758308], [77.4455313, 28.4751018], [77.4463654, 28.4742651], [77.4471808, 28.4733848], [77.4478167, 28.4727366], [77.4487047, 28.472056], [77.4517682, 28.4700609], [77.4545137, 28.4682731], [77.4569135, 28.4667395], [77.4573508, 28.466408], [77.4577273, 28.4661226], [77.4584431, 28.4654762], [77.4602755, 28.4634259], [77.4610003, 28.4627518], [77.4621848, 28.4617518], [77.4629073, 28.46114], [77.4651836, 28.4590446], [77.4665266, 28.457781], [77.4678957, 28.4566328], [77.4691562, 28.4555453], [77.4702046, 28.454551], [77.4721796, 28.4523808], [77.472904, 28.451594], [77.4736696, 28.4505914]]}}, {"id": "34", "type": "Feature", "properties": {"name": "Mahamaya Flyover Ramp", "highway": "motorway_link", "ref": null}, "geometry": {"type": "LineString", "coordinates": [[77.3256324, 28.5565798], [77.3257221, 28.55667], [77.3257967, 28.5567703], [77.3258551, 28.5568785], [77.325896, 28.5569928], [77.3259186, 28.5571109], [77.3259227, 28.5572307], [77.3258996, 28.5573473], [77.3258537, 28.5574397], [77.3257907, 28.5575239], [77.3257124, 28.5575976], [77.3256209, 28.5576585], [77.3255483, 28.5576915], [77.325519, 28.5577049], [77.3254513, 28.5577238], [77.3254097, 28.5577354], [77.325296, 28.5577492], [77.3251813, 28.5577459], [77.3250689, 28.5577256], [77.3249621, 28.5576888], [77.3248639, 28.5576366], [77.3247772, 28.5575706], [77.3247045, 28.5574926], [77.3246479, 28.5574049], [77.3246091, 28.55731], [77.3245891, 28.5572107], [77.3245886, 28.5571099], [77.3246076, 28.5570105], [77.3247148, 28.5567572]]}}, {"id": "35", "type": "Feature", "properties": {"name": "Noida-Greater Noida Expressway", "highway": "motorway", "ref": null}, "geometry": {"type": "LineString", "coordinates": [[77.4236468, 28.4922525], [77.4262023, 28.4901556], [77.4268491, 28.4896691], [77.4273931, 28.489289]]}}, {"id": "36", "type": "Feature", "properties": {"name": null, "highway": "motorway_link", "ref": null}, "geometry": {"type": "LineString", "coordinates": [[77.4236468, 28.4922525], [77.4238353, 28.4921738], [77.4243069, 28.4919344]]}}, {"id": "37", "type": "Feature", "properties": {"name": "Noida-Greater Noida Expressway", "highway": "motorway", "ref": null}, "geometry": {"type": "LineString", "coordinates": [[77.4758585, 28.447655], [77.4765262, 28.4467518], [77.4772625, 28.4459271], [77.4781616, 28.4452563], [77.4786168, 28.4450079], [77.4791993, 28.4447346], [77.4798687, 28.4444952], [77.4805591, 28.4443139], [77.4812285, 28.4442096], [77.48195, 28.444162], [77.4827659, 28.4442183], [77.4835651, 28.444362], [77.4843734, 28.4446015], [77.4851406, 28.4449229], [77.486146, 28.4455054], [77.4866831, 28.4459508], [77.4868554, 28.4460828]]}}, {"id": "38", "type": "Feature", "properties": {"name": null, "highway": "motorway_link", "ref": null}, "geometry": {"type": "LineString", "coordinates": [[77.4757031, 28.4481708], [77.4757442, 28.4480332], [77.4758585, 28.447655]]}}, {"id": "39", "type": "Feature", "properties": {"name": "Noida-Greater Noida Expressway", "highway": "motorway", "ref": null}, "geometry": {"type": "LineString", "coordinates": [[77.3251487, 28.5561152], [77.3247631, 28.5564547]]}}, {"id": "40", "type": "Feature", "properties": {"name": null, "highway": "motorway_link", "ref": null}, "geometry": {"type": "LineString", "coordinates": [[77.568021, 28.2223463], [77.5679101, 28.2225735], [77.5678492, 28.2229293], [77.5678354, 28.2231633], [77.5676722, 28.2237872], [77.5676141, 28.224511], [77.5676224, 28.2251373], [77.567608, 28.2254197], [77.5676474, 28.2269322], [77.5677627, 28.227497], [77.56787, 28.2280713], [77.5680197, 28.2282944]]}}, {"id": "41", "type": "Feature", "properties": {"name": "Yamuna Expressway", "highway": "motorway", "ref": null}, "geometry": {"type": "LineString", "coordinates": [[77.568021, 28.2223463], [77.5680149, 28.2246268], [77.5680177, 28.2254984], [77.5680167, 28.2255878], [77.5680197, 28.2282944]]}}, {"id": "42", "type": "Feature", "properties": {"name": "Yamuna Expressway", "highway": "motorway_link", "ref": null}, "geometry": {"type": "LineString", "coordinates": [[77.5602365, 28.2981029], [77.5601391, 28.2981637], [77.559831, 28.2987679], [77.5596998, 28.2988814], [77.5595316, 28.2989037], [77.5594142, 28.2988713], [77.5592944, 28.2987882], [77.5592323, 28.2986198], [77.5592253, 28.298415], [77.559603, 28.296809], [77.559838, 28.2960019], [77.56037, 28.2942965], [77.5604702, 28.2935263]]}}, {"id": "43", "type": "Feature", "properties": {"name": null, "highway": "motorway_link", "ref": null}, "geometry": {"type": "LineString", "coordinates": [[77.5682151, 28.222349], [77.5683582, 28.2226838], [77.5684191, 28.2231371], [77.568502, 28.2235325], [77.5686166, 28.2240846], [77.5686459, 28.2243832], [77.5686056, 28.2255323], [77.5685996, 28.2264501], [77.5685728, 28.2271875], [77.5684172, 28.2279153], [77.5682004, 28.2282935]]}}, {"id": "44", "type": "Feature", "properties": {"name": "Yamuna Expressway", "highway": "motorway", "ref": null}, "geometry": {"type": "LineString", "coordinates": [[77.5682151, 28.222349], [77.5682108, 28.2221924], [77.5682777, 28.2210665], [77.5682755, 28.2206033], [77.5682723, 28.2199321], [77.5682101, 28.2188828], [77.5682482, 28.2134717], [77.5682537, 28.2058714], [77.5682538, 28.2056751], [77.5682546, 28.2045534], [77.5682534, 28.2000641], [77.56825, 28.1993195], [77.5682227, 28.1978867], [77.5681997, 28.1973082], [77.5681924, 28.1971251], [77.5681012, 28.1948357], [77.5680505, 28.1931609], [77.5680498, 28.1931386]]}}, {"id": "45", "type": "Feature", "properties": {"name": "Noida-Greater Noida Expressway", "highway": "motorway", "ref": null}, "geometry": {"type": "LineString", "coordinates": [[77.327739, 28.5541766], [77.3284379, 28.55369], [77.329648, 28.5527441], [77.3304761, 28.5520343], [77.3314164, 28.5511803], [77.3326771, 28.5499971], [77.3363029, 28.5466467], [77.337068, 28.5460078], [77.3378223, 28.5454135], [77.3388185, 28.5446872], [77.3397971, 28.5440591], [77.3421943, 28.5425701], [77.3430669, 28.5420289], [77.3435274, 28.5417433], [77.3441835, 28.5413364], [77.3478684, 28.5390529], [77.3491473, 28.5382604], [77.3523687, 28.5362641], [77.3540631, 28.5350726], [77.3541568, 28.5350113], [77.3542782, 28.534932], [77.3567007, 28.5333477], [77.3584824, 28.5320348], [77.3598059, 28.5310388], [77.360749, 28.5303895], [77.3614318, 28.5299724], [77.3619231, 28.5296677], [77.3636988, 28.5285966], [77.3643185, 28.5282664], [77.3657188, 28.5275781], [77.3668258, 28.5269986], [77.3673794, 28.5266785], [77.3680035, 28.5262372]]}}, {"id": "46", "type": "Feature", "properties": {"name": null, "highway": "primary_link", "ref": null}, "geometry": {"type": "LineString", "coordinates": [[77.3294846, 28.5717745], [77.3295635, 28.5719091], [77.3295921, 28.5719704], [77.3296112, 28.5720311], [77.3296171, 28.5721122], [77.3295678, 28.5722777]]}}, {"id": "47", "type": "Feature", "properties": {"name": "Maharaja Agrasen Marg", "highway": "primary", "ref": null}, "geometry": {"type": "LineString", "coordinates": [[77.3294846, 28.5717745], [77.3299176, 28.5721182], [77.330373, 28.572461]]}}, {"id": "48", "type": "Feature", "properties": {"name": null, "highway": "motorway", "ref": null}, "geometry": {"type": "LineString", "coordinates": [[77.3232882, 28.5578345], [77.3234575, 28.5577363], [77.3247148, 28.5567572]]}}, {"id": "49", "type": "Feature", "properties": {"name": null, "highway": "trunk_link", "ref": null}, "geometry": {"type": "LineString", "coordinates": [[77.3232882, 28.5578345], [77.3238891, 28.5577771], [77.3244441, 28.5577708], [77.3250317, 28.5578249], [77.3254125, 28.5578313], [77.3258152, 28.5578026], [77.326323, 28.5577357], [77.3267727, 28.557672], [77.3271645, 28.5576338], [77.3275562, 28.5576242]]}}, {"id": "50", "type": "Feature", "properties": {"name": null, "highway": "motorway_link", "ref": null}, "geometry": {"type": "LineString", "coordinates": [[77.3030301, 28.5763007], [77.3034956, 28.5765655]]}}, {"id": "51", "type": "Feature", "properties": {"name": null, "highway": "motorway_link", "ref": null}, "geometry": {"type": "LineString", "coordinates": [[77.3034956, 28.5765655], [77.3030301, 28.5763007]]}}, {"id": "52", "type": "Feature", "properties": {"name": "DND Flyway", "highway": "motorway", "ref": null}, "geometry": {"type": "LineString", "coordinates": [[77.3034956, 28.5765655], [77.3038877, 28.5762293], [77.3040485, 28.5758598], [77.304174, 28.5756143]]}}, {"id": "53", "type": "Feature", "properties": {"name": "Dadri Road", "highway": "trunk", "ref": null}, "geometry": {"type": "LineString", "coordinates": [[77.3083588, 28.5741818], [77.3081182, 28.5745261], [77.3073373, 28.5755714], [77.3069175, 28.5761526], [77.3045693, 28.5793236], [77.3030617, 28.5813593]]}}, {"id": "54", "type": "Feature", "properties": {"name": "Noida-Greater Noida Expressway", "highway": "motorway", "ref": null}, "geometry": {"type": "LineString", "coordinates": [[77.3257393, 28.5558635], [77.3263309, 28.5552885]]}}, {"id": "55", "type": "Feature", "properties": {"name": "Mahamaya Flyover Ramp", "highway": "motorway_link", "ref": null}, "geometry": {"type": "LineString", "coordinates": [[77.3257393, 28.5558635], [77.326223, 28.5555752], [77.3265132, 28.5555083], [77.3267163, 28.555521], [77.3269303, 28.5555816], [77.3270718, 28.5556834], [77.3271951, 28.5558444], [77.327235, 28.5559161], [77.3272544, 28.5560166], [77.3272534, 28.5561182], [77.327249, 28.5562145], [77.3272267, 28.556306], [77.3271733, 28.5564704], [77.3271323, 28.5565343], [77.3270391, 28.5565883], [77.3268396, 28.5566839], [77.3266184, 28.5567221], [77.3264406, 28.5567158], [77.3261251, 28.5566329]]}}, {"id": "56", "type": "Feature", "properties": {"name": null, "highway": "trunk_link", "ref": null}, "geometry": {"type": "LineString", "coordinates": [[77.3221906, 28.5544363], [77.3222765, 28.5546054], [77.3223636, 28.5549048], [77.32236, 28.5552872], [77.3223201, 28.5574727], [77.3222802, 28.5578136], [77.3222188, 28.5579961], [77.3221741, 28.5580961], [77.3221182, 28.5581854], [77.3219714, 28.5583545]]}}, {"id": "57", "type": "Feature", "properties": {"name": null, "highway": "motorway_link", "ref": null}, "geometry": {"type": "LineString", "coordinates": [[77.3225241, 28.5581228], [77.3219714, 28.5583545]]}}, {"id": "58", "type": "Feature", "properties": {"name": "Noida-Greater Noida Expressway, Dadri Main Road", "highway": "motorway", "ref": null}, "geometry": {"type": "LineString", "coordinates": [[77.3225241, 28.5581228], [77.3220879, 28.5584227], [77.3213703, 28.5588445], [77.3204505, 28.5593178], [77.3199946, 28.5595398], [77.3195489, 28.5597555]]}}, {"id": "59", "type": "Feature", "properties": {"name": "Noida-Greater Noida Expressway", "highway": "motorway", "ref": null}, "geometry": {"type": "LineString", "coordinates": [[77.3247631, 28.5564547], [77.3231906, 28.5576047], [77.3225241, 28.5581228]]}}, {"id": "60", "type": "Feature", "properties": {"name": "Mahamaya Flyover Ramp", "highway": "motorway_link", "ref": null}, "geometry": {"type": "LineString", "coordinates": [[77.3247631, 28.5564547], [77.3240706, 28.5568341], [77.3240065, 28.5568506], [77.3239231, 28.55686], [77.323844, 28.5568636], [77.3237474, 28.5568636], [77.3236643, 28.5568588], [77.3236137, 28.5568466], [77.3235244, 28.5568166], [77.3231277, 28.5566721], [77.32281, 28.5565467], [77.3227162, 28.5564888], [77.3226549, 28.5564406], [77.3226011, 28.556386], [77.3225556, 28.5563259], [77.322519, 28.5562612], [77.322492, 28.556193], [77.3224726, 28.556112], [77.3224664, 28.5560293], [77.3224729, 28.5559467], [77.3224919, 28.5558655], [77.322523, 28.5557873], [77.3225658, 28.5557135], [77.3226011, 28.5556624], [77.3226431, 28.5556154], [77.3226908, 28.5555729], [77.3227438, 28.5555354], [77.3228012, 28.5555034], [77.3228623, 28.5554772], [77.3229265, 28.5554573], [77.3229927, 28.5554439], [77.3230603, 28.5554371], [77.3231283, 28.5554371], [77.3233013, 28.5554436], [77.3236205, 28.5554961]]}}, {"id": "61", "type": "Feature", "properties": {"name": "Mahamaya Flyover Ramp", "highway": "motorway_link", "ref": null}, "geometry": {"type": "LineString", "coordinates": [[77.3238512, 28.555486], [77.3237314, 28.555254], [77.3236978, 28.5551838], [77.3236804, 28.5551143], [77.3236631, 28.5550329], [77.3236601, 28.5549771], [77.3236632, 28.5549213], [77.3236723, 28.5548661], [77.3236873, 28.5548118], [77.3237081, 28.554759], [77.3237346, 28.5547082], [77.3237663, 28.5546599], [77.3238032, 28.5546143], [77.3238447, 28.5545721], [77.3238907, 28.5545335], [77.3239406, 28.5544989], [77.323994, 28.5544686], [77.3240504, 28.5544429], [77.3241094, 28.554422], [77.3241704, 28.5544061], [77.3242327, 28.5543954], [77.324296, 28.5543898], [77.3243596, 28.5543896], [77.3244229, 28.5543947], [77.3244854, 28.554405], [77.3245465, 28.5544205], [77.3246056, 28.554441], [77.3246623, 28.5544663], [77.3247211, 28.5545076], [77.3247488, 28.5545295], [77.3248015, 28.5545712], [77.3248525, 28.5546219], [77.3248965, 28.554677], [77.3250762, 28.5549229], [77.3252971, 28.555225], [77.3253769, 28.5553617], [77.3254003, 28.5554176], [77.3254198, 28.5554818], [77.3254403, 28.5555543], [77.3254493, 28.5556538], [77.3254412, 28.5557127], [77.3254234, 28.5557487], [77.3251487, 28.5561152]]}}, {"id": "62", "type": "Feature", "properties": {"name": "Maharaja Agrasen Marg", "highway": "primary", "ref": null}, "geometry": {"type": "LineString", "coordinates": [[77.3211557, 28.5656643], [77.3204805, 28.5655327], [77.3203136, 28.5655001], [77.3202591, 28.5654895], [77.3200347, 28.5654508], [77.3193932, 28.56534], [77.3192681, 28.5653184], [77.3189594, 28.5653042], [77.3187643, 28.5653137]]}}, {"id": "63", "type": "Feature", "properties": {"name": null, "highway": "primary_link", "ref": null}, "geometry": {"type": "LineString", "coordinates": [[77.3211557, 28.5656643], [77.3207599, 28.5656657], [77.3204537, 28.5656691]]}}, {"id": "64", "type": "Feature", "properties": {"name": "Yamuna Expressway", "highway": "motorway", "ref": null}, "geometry": {"type": "LineString", "coordinates": [[77.5573408, 28.3028943], [77.5548592, 28.3109671], [77.554777, 28.3112281], [77.5546473, 28.3116402], [77.5532862, 28.3159629], [77.5508412, 28.3237213]]}}, {"id": "65", "type": "Feature", "properties": {"name": "Yamuna Expressway", "highway": "motorway_link", "ref": null}, "geometry": {"type": "LineString", "coordinates": [[77.5573408, 28.3028943], [77.5569922, 28.3036505], [77.5567342, 28.3044567], [77.5564726, 28.3051798], [77.5563309, 28.3055381], [77.5559821, 28.3064818]]}}, {"id": "66", "type": "Feature", "properties": {"name": null, "highway": "motorway_link", "ref": null}, "geometry": {"type": "LineString", "coordinates": [[77.5559821, 28.3064818], [77.5554957, 28.3076893]]}}, {"id": "67", "type": "Feature", "properties": {"name": "Yamuna Expressway", "highway": "motorway_link", "ref": null}, "geometry": {"type": "LineString", "coordinates": [[77.5559821, 28.3064818], [77.5558658, 28.3066162], [77.5557386, 28.306661], [77.5556332, 28.3066866], [77.5555061, 28.3066738], [77.5554197, 28.3066126], [77.5553713, 28.306513], [77.5553389, 28.3064146], [77.5554334, 28.3059252]]}}, {"id": "68", "type": "Feature", "properties": {"name": null, "highway": "motorway_link", "ref": null}, "geometry": {"type": "LineString", "coordinates": [[77.3109135, 28.5707395], [77.3104464, 28.571194], [77.3100504, 28.5715922], [77.3099389, 28.57166], [77.3096213, 28.5717354], [77.3091664, 28.5717806], [77.3085484, 28.5718635], [77.3075736, 28.5721342], [77.3070807, 28.5722706], [77.3066258, 28.5724967], [77.3060936, 28.5727982], [77.3056473, 28.57316], [77.3054576, 28.5733643]]}}, {"id": "69", "type": "Feature", "properties": {"name": "Dadri Road", "highway": "trunk", "ref": null}, "geometry": {"type": "LineString", "coordinates": [[77.3109135, 28.5707395], [77.3095452, 28.5724719], [77.3093705, 28.5726958], [77.3091533, 28.5730053], [77.309011, 28.5732551]]}}, {"id": "70", "type": "Feature", "properties": {"name": "DND Flyway", "highway": "motorway", "ref": null}, "geometry": {"type": "LineString", "coordinates": [[77.3054576, 28.5733643], [77.3051125, 28.5737104], [77.3046581, 28.574149], [77.3037142, 28.5753287]]}}, {"id": "71", "type": "Feature", "properties": {"name": "Dadri Road", "highway": "trunk", "ref": null}, "geometry": {"type": "LineString", "coordinates": [[77.3095304, 28.5728881], [77.309939, 28.5723414], [77.3102237, 28.5719605]]}}, {"id": "72", "type": "Feature", "properties": {"name": null, "highway": "trunk_link", "ref": null}, "geometry": {"type": "LineString", "coordinates": [[77.3196225, 28.5598849], [77.3199428, 28.5598138], [77.3202377, 28.5596509], [77.3203922, 28.5595596], [77.321423, 28.5590122], [77.3218763, 28.5587671], [77.3219915, 28.5586931], [77.3221094, 28.5585994], [77.322191, 28.5584965]]}}, {"id": "73", "type": "Feature", "properties": {"name": "Dadri Main Road", "highway": "motorway", "ref": null}, "geometry": {"type": "LineString", "coordinates": [[77.3196225, 28.5598849], [77.3204262, 28.5594182], [77.321392, 28.5589161], [77.322191, 28.5584965]]}}, {"id": "74", "type": "Feature", "properties": {"name": "Noida-Greater Noida Expressway", "highway": "motorway", "ref": null}, "geometry": {"type": "LineString", "coordinates": [[77.3366215, 28.5461479], [77.33613, 28.546551], [77.3347961, 28.5477321], [77.3336642, 28.548831], [77.3325291, 28.5498889], [77.3315887, 28.5507775]]}}, {"id": "75", "type": "Feature", "properties": {"name": null, "highway": "motorway_link", "ref": null}, "geometry": {"type": "LineString", "coordinates": [[77.3368523, 28.5456859], [77.3366215, 28.5461479]]}}, {"id": "76", "type": "Feature", "properties": {"name": "Dadri Road", "highway": "trunk", "ref": null}, "geometry": {"type": "LineString", "coordinates": [[77.3087553, 28.5739145], [77.3091701, 28.5733653]]}}, {"id": "77", "type": "Feature", "properties": {"name": null, "highway": "trunk_link", "ref": null}, "geometry": {"type": "LineString", "coordinates": [[77.3087553, 28.5739145], [77.3088834, 28.5738255], [77.3090574, 28.5738088], [77.3093149, 28.5738366], [77.3095036, 28.5738881], [77.3097478, 28.5739669], [77.3098885, 28.5739918], [77.3100708, 28.5740012], [77.3102479, 28.5739816], [77.3104081, 28.5739005], [77.310471, 28.5738686], [77.3106684, 28.5736952], [77.31078, 28.5735444], [77.3110203, 28.5733409], [77.3111496, 28.5732879], [77.3112864, 28.5732742], [77.3115001, 28.5732787], [77.3117457, 28.5733192], [77.3122641, 28.5734427], [77.3129184, 28.5735617]]}}, {"id": "78", "type": "Feature", "properties": {"name": "Maharaja Agrasen Marg (Flyover)", "highway": "primary", "ref": null}, "geometry": {"type": "LineString", "coordinates": [[77.330373, 28.572461], [77.3305311, 28.5725728], [77.330588, 28.5726152], [77.3310301, 28.5729446], [77.3329511, 28.5743757], [77.3354831, 28.5762319], [77.3389818, 28.5788203], [77.3390934, 28.5789029], [77.3404608, 28.5799157]]}}, {"id": "79", "type": "Feature", "properties": {"name": "Maharaja Agrasen Marg Underpass, Maharaja Agrasen Marg, Maharaja Agrasen Marg (Flyover)", "highway": "primary", "ref": null}, "geometry": {"type": "LineString", "coordinates": [[77.3407886, 28.5800429], [77.337991, 28.5780055], [77.3355287, 28.57618], [77.3330236, 28.574298], [77.3310735, 28.572857], [77.3307488, 28.5726171], [77.3299462, 28.5719542], [77.3298682, 28.5719019], [77.329332, 28.5715131], [77.3281532, 28.5706696], [77.3278851, 28.5704581], [77.3263924, 28.5693027], [77.324846, 28.567982], [77.3245214, 28.5677226], [77.3237504, 28.5671178], [77.3233653, 28.56681], [77.3232713, 28.566743], [77.3229869, 28.5665365]]}}, {"id": "80", "type": "Feature", "properties": {"name": "Maharaja Agrasen Marg (Flyover)", "highway": "primary", "ref": null}, "geometry": {"type": "LineString", "coordinates": [[77.3517254, 28.5881721], [77.3500408, 28.5869404], [77.3473398, 28.5849008], [77.3444283, 28.5827351], [77.3427761, 28.5815315], [77.3407886, 28.5800429]]}}, {"id": "81", "type": "Feature", "properties": {"name": "Maharaja Agrasen Marg Flyover Ramp", "highway": "primary_link", "ref": null}, "geometry": {"type": "LineString", "coordinates": [[77.3517254, 28.5881721], [77.3516153, 28.5879343], [77.35093, 28.5874127], [77.3495191, 28.5863611], [77.349187, 28.5861144], [77.3490149, 28.5859866], [77.3488527, 28.5859399]]}}, {"id": "82", "type": "Feature", "properties": {"name": "Maharaja Agrasen Marg, Maharaja Agrasen Marg (Flyover)", "highway": "primary", "ref": null}, "geometry": {"type": "LineString", "coordinates": [[77.351668, 28.5882283], [77.3539864, 28.5899362], [77.3565479, 28.5918298], [77.3592489, 28.5938316], [77.3615314, 28.5955673], [77.36394, 28.5973642], [77.3660992, 28.5989914], [77.3668905, 28.5995872], [77.3684515, 28.6007129], [77.3687573, 28.6008589], [77.3688271, 28.6008881], [77.369106, 28.6010049], [77.3695855, 28.6011816], [77.369866, 28.6012012], [77.3701731, 28.6012309], [77.3702484, 28.6012255], [77.3709665, 28.6011736], [77.3720004, 28.6010988], [77.3721265, 28.6010928]]}}, {"id": "83", "type": "Feature", "properties": {"name": null, "highway": "motorway_link", "ref": null}, "geometry": {"type": "LineString", "coordinates": [[77.4150975, 28.4967819], [77.4147106, 28.4971575]]}}, {"id": "84", "type": "Feature", "properties": {"name": "Noida-Greater Noida Expressway", "highway": "motorway", "ref": null}, "geometry": {"type": "LineString", "coordinates": [[77.4147106, 28.4971575], [77.412164, 28.4981832], [77.4096658, 28.4991562], [77.4075381, 28.5000139], [77.4064485, 28.500446], [77.4060453, 28.5005998], [77.4030926, 28.5017721], [77.4000073, 28.5029936], [77.3972331, 28.5040846], [77.3935207, 28.505693], [77.39227, 28.5061782], [77.3916763, 28.5064441], [77.3911883, 28.5066723], [77.3909257, 28.5068127], [77.3904234, 28.5071112], [77.3899724, 28.5074347], [77.3894187, 28.5078686], [77.3888279, 28.5083878], [77.3882714, 28.5090023], [77.3876577, 28.5098149], [77.386733, 28.5108933], [77.3858026, 28.511894], [77.3852584, 28.5124519], [77.384561, 28.5130802], [77.3817352, 28.5157287]]}}, {"id": "85", "type": "Feature", "properties": {"name": "Noida-Greater Noida Expressway", "highway": "motorway", "ref": null}, "geometry": {"type": "LineString", "coordinates": [[77.4975704, 28.4545617], [77.4988516, 28.4555273], [77.4993004, 28.4559201]]}}, {"id": "86", "type": "Feature", "properties": {"name": "Dadri Road", "highway": "trunk", "ref": null}, "geometry": {"type": "LineString", "coordinates": [[77.3102237, 28.5719605], [77.3111627, 28.5706874]]}}, {"id": "87", "type": "Feature", "properties": {"name": "DND Noida Flyover Ramp, DND Flyway, DND Noida Flyover", "highway": "motorway_link, motorway", "ref": null}, "geometry": {"type": "LineString", "coordinates": [[77.3102237, 28.5719605], [77.3103293, 28.5718547], [77.3104624, 28.5717504], [77.3106598, 28.57166], [77.3109002, 28.5716148], [77.3111491, 28.5716298], [77.3112869, 28.5716787], [77.3113949, 28.5717747], [77.3114645, 28.5718786], [77.3115061, 28.5720226], [77.311502, 28.5721602], [77.3114581, 28.5722932], [77.3113722, 28.572459], [77.3111378, 28.5725961], [77.3108862, 28.5726371], [77.3106829, 28.5726163], [77.3102971, 28.5725418], [77.3096684, 28.5724138], [77.3094562, 28.5723591], [77.3093687, 28.5723426], [77.309206, 28.5723119], [77.3088056, 28.5722794], [77.3084433, 28.5722728], [77.3081303, 28.5722947], [77.3077781, 28.5723342], [77.3073221, 28.5724286], [77.3068908, 28.5725585], [77.3064305, 28.5727437], [77.3061803, 28.5728826], [77.3059717, 28.5730209], [77.3059603, 28.5730285], [77.3058125, 28.5731305], [77.3054576, 28.5733643]]}}, {"id": "88", "type": "Feature", "properties": {"name": "Maharaja Agrasen Marg Flyover Ramp", "highway": "primary_link", "ref": null}, "geometry": {"type": "LineString", "coordinates": [[77.3436546, 28.5820888], [77.3431409, 28.581679], [77.341729, 28.5806246], [77.3411192, 28.5801987], [77.3407886, 28.5800429]]}}, {"id": "89", "type": "Feature", "properties": {"name": "Dadri Main Road", "highway": "trunk", "ref": null}, "geometry": {"type": "LineString", "coordinates": [[77.316068, 28.5641109], [77.3172247, 28.5625191], [77.3177014, 28.561771], [77.3179362, 28.5614432]]}}, {"id": "90", "type": "Feature", "properties": {"name": "Yamuna Expressway", "highway": "motorway_link", "ref": null}, "geometry": {"type": "LineString", "coordinates": [[77.5707494, 28.1366218], [77.5703073, 28.1388084], [77.5701835, 28.1396029], [77.5702182, 28.1399521], [77.5703757, 28.140154], [77.5714407, 28.1412236], [77.5718097, 28.1415562], [77.5721141, 28.1419032], [77.5723493, 28.1422917], [77.5724384, 28.1426104], [77.5724681, 28.143001], [77.5724903, 28.1432411], [77.5721809, 28.1454694], [77.5720625, 28.1475335]]}}, {"id": "91", "type": "Feature", "properties": {"name": null, "highway": "trunk", "ref": "NH334DD"}, "geometry": {"type": "LineString", "coordinates": [[77.5726546, 28.1387526], [77.5725398, 28.1386485], [77.5723741, 28.1385704], [77.5721568, 28.138419], [77.5719879, 28.1382535], [77.5718511, 28.1380595], [77.5717733, 28.137894], [77.5714058, 28.1367539], [77.5712958, 28.1364796], [77.571123, 28.1362748]]}}, {"id": "92", "type": "Feature", "properties": {"name": null, "highway": "trunk", "ref": "NH334DD"}, "geometry": {"type": "LineString", "coordinates": [[77.5726546, 28.1387526], [77.5729397, 28.1388273], [77.5736877, 28.1389237]]}}, {"id": "93", "type": "Feature", "properties": {"name": null, "highway": "motorway_link", "ref": null}, "geometry": {"type": "LineString", "coordinates": [[77.571123, 28.1362748], [77.5710373, 28.1363493]]}}, {"id": "94", "type": "Feature", "properties": {"name": null, "highway": "trunk", "ref": "NH334DD"}, "geometry": {"type": "LineString", "coordinates": [[77.571123, 28.1362748], [77.5710221, 28.1361818]]}}, {"id": "95", "type": "Feature", "properties": {"name": null, "highway": "trunk", "ref": "NH334DD"}, "geometry": {"type": "LineString", "coordinates": [[77.5710221, 28.1361818], [77.5708938, 28.1360652]]}}, {"id": "96", "type": "Feature", "properties": {"name": null, "highway": "motorway_link", "ref": null}, "geometry": {"type": "LineString", "coordinates": [[77.5710221, 28.1361818], [77.5709371, 28.1362704]]}}, {"id": "97", "type": "Feature", "properties": {"name": null, "highway": "trunk", "ref": "NH334DD"}, "geometry": {"type": "LineString", "coordinates": [[77.5710373, 28.1363493], [77.5711531, 28.1364522], [77.5712231, 28.1365526], [77.5714984, 28.1373195], [77.5717371, 28.1379998], [77.5718628, 28.1382202], [77.5720738, 28.1384458], [77.5723, 28.1386165], [77.5725004, 28.1387326], [77.5726546, 28.1387526]]}}, {"id": "98", "type": "Feature", "properties": {"name": "Yamuna Expressway", "highway": "motorway_link", "ref": null}, "geometry": {"type": "LineString", "coordinates": [[77.5708938, 28.1360652], [77.5707986, 28.136159]]}}, {"id": "99", "type": "Feature", "properties": {"name": null, "highway": "trunk", "ref": "NH334DD"}, "geometry": {"type": "LineString", "coordinates": [[77.5708938, 28.1360652], [77.5703034, 28.1355287], [77.5701643, 28.1355014]]}}, {"id": "100", "type": "Feature", "properties": {"name": null, "highway": "motorway_link", "ref": null}, "geometry": {"type": "LineString", "coordinates": [[77.575797, 28.1404176], [77.5757283, 28.1404694]]}}, {"id": "101", "type": "Feature", "properties": {"name": "Noida-Greater Noida Expressway", "highway": "motorway", "ref": null}, "geometry": {"type": "LineString", "coordinates": [[77.4733087, 28.4507444], [77.4727372, 28.4514864], [77.4720091, 28.4523026], [77.4700338, 28.4544681], [77.4690384, 28.4554314], [77.4677484, 28.45655], [77.46639, 28.4576816], [77.4650234, 28.4589576], [77.4627012, 28.4610753], [77.461987, 28.4616837], [77.4608236, 28.4626482], [77.4601021, 28.4633149], [77.458259, 28.4653985], [77.4576217, 28.4659867], [77.4568112, 28.4665866], [77.4543782, 28.4681531], [77.4516619, 28.4699242], [77.4486016, 28.4719136], [77.4477036, 28.4726123], [77.4470156, 28.4732751], [77.4462334, 28.4741284], [77.4453994, 28.4749734], [77.4445888, 28.4757562], [77.4437171, 28.4765225], [77.4406541, 28.4792232], [77.4397795, 28.4799431], [77.4388381, 28.4806564], [77.4375667, 28.4815647], [77.4371109, 28.4818964], [77.4369016, 28.4820486], [77.4359328, 28.4827536], [77.4351483, 28.483367], [77.4343476, 28.4840137], [77.4333738, 28.4848269], [77.4323569, 28.4856044], [77.4266814, 28.4895599], [77.4260365, 28.4900506], [77.4214, 28.4938073], [77.4204405, 28.4944612], [77.4200969, 28.4946533], [77.4195749, 28.4949451], [77.4187152, 28.4953497]]}}, {"id": "102", "type": "Feature", "properties": {"name": null, "highway": "motorway_link", "ref": null}, "geometry": {"type": "LineString", "coordinates": [[77.4733803, 28.4503269], [77.4733087, 28.4507444]]}}, {"id": "103", "type": "Feature", "properties": {"name": "Noida-Greater Noida Expressway", "highway": "motorway", "ref": null}, "geometry": {"type": "LineString", "coordinates": [[77.475682, 28.447547], [77.474074, 28.4497506], [77.4733087, 28.4507444]]}}, {"id": "104", "type": "Feature", "properties": {"name": null, "highway": "motorway_link", "ref": null}, "geometry": {"type": "LineString", "coordinates": [[77.475682, 28.447547], [77.4753603, 28.4477338], [77.4751805, 28.4478382]]}}, {"id": "105", "type": "Feature", "properties": {"name": "Dadri Road", "highway": "trunk", "ref": null}, "geometry": {"type": "LineString", "coordinates": [[77.309011, 28.5732551], [77.3083588, 28.5741818]]}}, {"id": "106", "type": "Feature", "properties": {"name": "Dadri Road", "highway": "trunk", "ref": null}, "geometry": {"type": "LineString", "coordinates": [[77.3091701, 28.5733653], [77.3095304, 28.5728881]]}}, {"id": "107", "type": "Feature", "properties": {"name": null, "highway": "trunk_link", "ref": null}, "geometry": {"type": "LineString", "coordinates": [[77.3091701, 28.5733653], [77.3093292, 28.5730749], [77.3095158, 28.5728213], [77.3095315, 28.5727874], [77.3095328, 28.5727585], [77.309524, 28.5727296], [77.3094958, 28.5727134], [77.309459, 28.5727136], [77.3094207, 28.5727313], [77.3093873, 28.5727646], [77.3092049, 28.5730259], [77.309011, 28.5732551]]}}, {"id": "108", "type": "Feature", "properties": {"name": "Yamuna Expressway", "highway": "motorway", "ref": null}, "geometry": {"type": "LineString", "coordinates": [[77.5508412, 28.3237213], [77.5506055, 28.3244692], [77.5505617, 28.3246091], [77.5504405, 28.3249963], [77.5487723, 28.3303245], [77.5486653, 28.3306638], [77.5464893, 28.3375613], [77.5463127, 28.3381345], [77.5461706, 28.3385957], [77.5452581, 28.3415573], [77.5440987, 28.3451978], [77.5422726, 28.3510922]]}}, {"id": "109", "type": "Feature", "properties": {"name": null, "highway": "primary_link", "ref": null}, "geometry": {"type": "LineString", "coordinates": [[77.3710221, 28.6010854], [77.3710139, 28.6008792]]}}, {"id": "110", "type": "Feature", "properties": {"name": "Maharaja Agrasen Marg", "highway": "primary", "ref": null}, "geometry": {"type": "LineString", "coordinates": [[77.3710221, 28.6010854], [77.3702292, 28.6011223], [77.3699413, 28.6011118], [77.3697183, 28.6010753], [77.3694066, 28.6009992], [77.3690994, 28.6008986]]}}, {"id": "111", "type": "Feature", "properties": {"name": null, "highway": "primary_link", "ref": null}, "geometry": {"type": "LineString", "coordinates": [[77.3710139, 28.6008792], [77.3710221, 28.6010854]]}}, {"id": "112", "type": "Feature", "properties": {"name": "Noida-Greater Noida Expressway", "highway": "motorway", "ref": null}, "geometry": {"type": "LineString", "coordinates": [[77.4736696, 28.4505914], [77.4742408, 28.4498434], [77.4758585, 28.447655]]}}, {"id": "113", "type": "Feature", "properties": {"name": null, "highway": "motorway_link", "ref": null}, "geometry": {"type": "LineString", "coordinates": [[77.4736696, 28.4505914], [77.4739256, 28.4504339], [77.4742218, 28.4502507]]}}, {"id": "114", "type": "Feature", "properties": {"name": "Noida-Greater Noida Expressway", "highway": "motorway", "ref": null}, "geometry": {"type": "LineString", "coordinates": [[77.338863, 28.5445018], [77.338724, 28.5445979], [77.3377215, 28.5452961], [77.3369608, 28.5458837], [77.3366215, 28.5461479]]}}, {"id": "115", "type": "Feature", "properties": {"name": null, "highway": "motorway_link", "ref": null}, "geometry": {"type": "LineString", "coordinates": [[77.338863, 28.5445018], [77.3386082, 28.5445191], [77.338386, 28.5445782]]}}, {"id": "116", "type": "Feature", "properties": {"name": "Noida-Greater Noida Expressway", "highway": "motorway", "ref": null}, "geometry": {"type": "LineString", "coordinates": [[77.3267911, 28.5546713], [77.3261211, 28.5552186], [77.3251487, 28.5561152]]}}, {"id": "117", "type": "Feature", "properties": {"name": null, "highway": "motorway_link", "ref": null}, "geometry": {"type": "LineString", "coordinates": [[77.3267569, 28.554338], [77.3268371, 28.5544068], [77.3268593, 28.5545022], [77.3267911, 28.5546713]]}}, {"id": "118", "type": "Feature", "properties": {"name": "Noida-Greater Noida Expressway", "highway": "motorway", "ref": null}, "geometry": {"type": "LineString", "coordinates": [[77.4187152, 28.4953497], [77.4185984, 28.4954046], [77.4147106, 28.4971575]]}}, {"id": "119", "type": "Feature", "properties": {"name": null, "highway": "motorway_link", "ref": null}, "geometry": {"type": "LineString", "coordinates": [[77.4187152, 28.4953497], [77.4184406, 28.4953805], [77.4180674, 28.4954232]]}}, {"id": "120", "type": "Feature", "properties": {"name": null, "highway": "motorway_link", "ref": null}, "geometry": {"type": "LineString", "coordinates": [[77.567838, 28.1931433], [77.5680498, 28.1931386]]}}, {"id": "121", "type": "Feature", "properties": {"name": "Yamuna Expressway", "highway": "motorway", "ref": null}, "geometry": {"type": "LineString", "coordinates": [[77.567838, 28.1931433], [77.567839, 28.1931727], [77.5678967, 28.1948329], [77.5679729, 28.1971192], [77.5679797, 28.197322], [77.5680078, 28.1994016], [77.5680105, 28.199604], [77.5680161, 28.2004068], [77.5680383, 28.2045648], [77.5680371, 28.2056601], [77.5680368, 28.2058677], [77.5680338, 28.208633], [77.5680559, 28.2134765], [77.5680033, 28.218845], [77.567933, 28.2213029], [77.5680231, 28.2221352], [77.568021, 28.2223463]]}}, {"id": "122", "type": "Feature", "properties": {"name": null, "highway": "motorway_link", "ref": null}, "geometry": {"type": "LineString", "coordinates": [[77.5680498, 28.1931386], [77.567838, 28.1931433]]}}, {"id": "123", "type": "Feature", "properties": {"name": "Yamuna Expressway", "highway": "motorway", "ref": null}, "geometry": {"type": "LineString", "coordinates": [[77.5680498, 28.1931386], [77.5680014, 28.1915384], [77.5678885, 28.1902682], [77.5677304, 28.189209], [77.5675316, 28.1880821], [77.567256, 28.1869153], [77.5667857, 28.1850639], [77.5666559, 28.1845528], [77.5665874, 28.1842832], [77.5663293, 28.1831454], [77.566243, 28.1825653], [77.56616, 28.1818754], [77.5660929, 28.1810616], [77.566082, 28.1803322], [77.566064, 28.1796154], [77.566082, 28.1790898], [77.5661182, 28.1786199], [77.5661724, 28.1779827], [77.5662718, 28.1771384], [77.5664435, 28.1761309], [77.5666422, 28.1752707], [77.5668582, 28.1743491], [77.5668951, 28.1742059], [77.5669269, 28.1741116]]}}, {"id": "124", "type": "Feature", "properties": {"name": "Maharaja Agrasen Marg", "highway": "primary", "ref": null}, "geometry": {"type": "LineString", "coordinates": [[77.3229869, 28.5665365], [77.322484, 28.5662455], [77.3222135, 28.5661041], [77.321061, 28.5658059], [77.3204537, 28.5656691]]}}, {"id": "125", "type": "Feature", "properties": {"name": null, "highway": "primary_link, primary", "ref": null}, "geometry": {"type": "LineString", "coordinates": [[77.3229869, 28.5665365], [77.3227846, 28.5662354], [77.3224656, 28.5660245], [77.3224018, 28.5659896], [77.3222418, 28.565921], [77.3218918, 28.5658315], [77.3211557, 28.5656643]]}}, {"id": "126", "type": "Feature", "properties": {"name": "Maharaja Agrasen Marg", "highway": "primary", "ref": null}, "geometry": {"type": "LineString", "coordinates": [[77.3187643, 28.5653137], [77.3183679, 28.5652528]]}}, {"id": "127", "type": "Feature", "properties": {"name": "Maharaja Agrasen Marg", "highway": "primary_link, primary", "ref": null}, "geometry": {"type": "LineString", "coordinates": [[77.3204537, 28.5656691], [77.3201692, 28.5656192], [77.3193496, 28.5654762], [77.3192399, 28.5654571], [77.3189518, 28.5654106], [77.3187643, 28.5653137]]}}, {"id": "128", "type": "Feature", "properties": {"name": "Maharaja Agrasen Marg (Flyover)", "highway": "primary", "ref": null}, "geometry": {"type": "LineString", "coordinates": [[77.3404608, 28.5799157], [77.343275, 28.5820002], [77.3449835, 28.5832556], [77.3472755, 28.5849691], [77.3499872, 28.5869899], [77.351668, 28.5882283]]}}, {"id": "129", "type": "Feature", "properties": {"name": "Maharaja Agrasen Marg Flyover Ramp", "highway": "primary_link", "ref": null}, "geometry": {"type": "LineString", "coordinates": [[77.3404608, 28.5799157], [77.3406876, 28.5801761], [77.3426869, 28.5816505], [77.3431382, 28.5819867], [77.3435255, 28.5822675]]}}, {"id": "130", "type": "Feature", "properties": {"name": "Noida-Greater Noida Expressway", "highway": "motorway", "ref": null}, "geometry": {"type": "LineString", "coordinates": [[77.5051836, 28.4602907], [77.5045225, 28.4597728], [77.5014412, 28.4573406], [77.5011349, 28.4570971], [77.4997272, 28.4559273]]}}, {"id": "131", "type": "Feature", "properties": {"name": null, "highway": "motorway_link", "ref": null}, "geometry": {"type": "LineString", "coordinates": [[77.5055151, 28.4603592], [77.5051836, 28.4602907]]}}, {"id": "132", "type": "Feature", "properties": {"name": null, "highway": "motorway_link", "ref": null}, "geometry": {"type": "LineString", "coordinates": [[77.5757178, 28.116449], [77.5751613, 28.1165]]}}, {"id": "133", "type": "Feature", "properties": {"name": "Yamuna Expressway", "highway": "motorway", "ref": null}, "geometry": {"type": "LineString", "coordinates": [[77.5757178, 28.116449], [77.5756794, 28.1156618], [77.575474, 28.114229], [77.5750014, 28.1125256], [77.57496, 28.1123826], [77.5748459, 28.1119442]]}}, {"id": "134", "type": "Feature", "properties": {"name": null, "highway": "motorway_link", "ref": null}, "geometry": {"type": "LineString", "coordinates": [[77.5751613, 28.1165], [77.5757178, 28.116449]]}}, {"id": "135", "type": "Feature", "properties": {"name": "Yamuna Expressway", "highway": "motorway", "ref": null}, "geometry": {"type": "LineString", "coordinates": [[77.5751613, 28.1165], [77.5752102, 28.1166878], [77.5754405, 28.1174943], [77.575566, 28.1179408], [77.5757177, 28.1192517], [77.5757314, 28.1195424], [77.5757388, 28.1196985], [77.5757369, 28.1198543], [77.5757773, 28.1207093], [77.5757686, 28.121146], [77.575741, 28.1220781], [77.575688, 28.1226471], [77.5755351, 28.1239499], [77.5755139, 28.1240921], [77.5753491, 28.1251805], [77.5751028, 28.1266767], [77.5750336, 28.1270974], [77.5746912, 28.1291773], [77.5741077, 28.132867]]}}, {"id": "136", "type": "Feature", "properties": {"name": null, "highway": "motorway_link", "ref": null}, "geometry": {"type": "LineString", "coordinates": [[77.5748459, 28.1119442], [77.5743529, 28.1120332]]}}, {"id": "137", "type": "Feature", "properties": {"name": null, "highway": "motorway_link", "ref": null}, "geometry": {"type": "LineString", "coordinates": [[77.5743529, 28.1120332], [77.5748459, 28.1119442]]}}, {"id": "138", "type": "Feature", "properties": {"name": "Yamuna Expressway", "highway": "motorway", "ref": null}, "geometry": {"type": "LineString", "coordinates": [[77.5743529, 28.1120332], [77.5744126, 28.1124586], [77.5744337, 28.1126108], [77.5747163, 28.1146977], [77.5751613, 28.1165]]}}, {"id": "139", "type": "Feature", "properties": {"name": "Yamuna Expressway", "highway": "motorway", "ref": null}, "geometry": {"type": "LineString", "coordinates": [[77.563806, 28.2828984], [77.5643472, 28.281167], [77.5644974, 28.280689], [77.5661816, 28.2753577], [77.5664008, 28.2747105], [77.5666539, 28.273909], [77.5667754, 28.2735262], [77.566927, 28.2729979], [77.5671264, 28.2722532], [77.5672522, 28.2717329], [77.5674445, 28.2707998], [77.567544, 28.2703427], [77.5677495, 28.2691672], [77.567906, 28.2681185], [77.5679913, 28.267242], [77.5680519, 28.2665474], [77.5681015, 28.2659737], [77.5681052, 28.2657737], [77.5681354, 28.2645373], [77.5681523, 28.2630189], [77.5682055, 28.2588876], [77.5682529, 28.2550597], [77.5682552, 28.2547024], [77.5682513, 28.2540941], [77.5681907, 28.2530416], [77.5681167, 28.2514693], [77.5681413, 28.2500926], [77.5682969, 28.2432424], [77.5683057, 28.2392711], [77.5682429, 28.2381881], [77.5682427, 28.2379977], [77.5682275, 28.236295], [77.5682046, 28.2295176], [77.5682004, 28.2282935]]}}, {"id": "140", "type": "Feature", "properties": {"name": null, "highway": "motorway_link", "ref": null}, "geometry": {"type": "LineString", "coordinates": [[77.563806, 28.2828984], [77.5636906, 28.2828724], [77.5635857, 28.2828487]]}}, {"id": "141", "type": "Feature", "properties": {"name": "Yamuna Expressway", "highway": "motorway", "ref": null}, "geometry": {"type": "LineString", "coordinates": [[77.5635857, 28.2828487], [77.5621685, 28.2873441], [77.5604714, 28.2928131], [77.5604113, 28.2930069], [77.5593153, 28.2965386], [77.5579318, 28.3009652], [77.5577345, 28.3016136], [77.5573408, 28.3028943]]}}, {"id": "142", "type": "Feature", "properties": {"name": null, "highway": "motorway_link", "ref": null}, "geometry": {"type": "LineString", "coordinates": [[77.5635857, 28.2828487], [77.5636906, 28.2828724], [77.563806, 28.2828984]]}}, {"id": "143", "type": "Feature", "properties": {"name": "Ghaziabad East-Greater Noida-Jewar Airport East Road", "highway": "motorway", "ref": null}, "geometry": {"type": "LineString", "coordinates": [[77.5667367, 28.1713337], [77.5667722, 28.171336], [77.5670441, 28.1713656], [77.5676082, 28.1714294], [77.5680783, 28.1714904], [77.5683816, 28.1715337]]}}, {"id": "144", "type": "Feature", "properties": {"name": "Yamuna Expressway", "highway": "motorway", "ref": null}, "geometry": {"type": "LineString", "coordinates": [[77.5667104, 28.1741163], [77.566698, 28.1741613], [77.5666546, 28.1743164], [77.5664254, 28.1752468], [77.5662176, 28.176107], [77.5660414, 28.1771384], [77.5659375, 28.1780464], [77.5658874, 28.1786268], [77.5658607, 28.1790818], [77.5658516, 28.1796194], [77.5658607, 28.1803601], [77.5659127, 28.1810582], [77.5659534, 28.1819343], [77.5660438, 28.1827626], [77.5661748, 28.1835909], [77.5663374, 28.1843156], [77.5664094, 28.184588], [77.5665331, 28.1850561], [77.5668931, 28.1864182], [77.5671099, 28.1872504], [77.5675211, 28.1893449], [77.5676476, 28.1902886], [77.567781, 28.1915028], [77.567838, 28.1931433]]}}, {"id": "145", "type": "Feature", "properties": {"name": null, "highway": "primary_link", "ref": null}, "geometry": {"type": "LineString", "coordinates": [[77.3721265, 28.6010928], [77.3721217, 28.6009979]]}}, {"id": "146", "type": "Feature", "properties": {"name": "Maharaja Agrasen Marg", "highway": "primary", "ref": null}, "geometry": {"type": "LineString", "coordinates": [[77.3721265, 28.6010928], [77.3722721, 28.6010859], [77.3724226, 28.6010743], [77.3725824, 28.601062], [77.3729962, 28.6010532]]}}, {"id": "147", "type": "Feature", "properties": {"name": null, "highway": "primary_link", "ref": null}, "geometry": {"type": "LineString", "coordinates": [[77.3721217, 28.6009979], [77.3721265, 28.6010928]]}}, {"id": "148", "type": "Feature", "properties": {"name": "Maharaja Agrasen Marg", "highway": "primary", "ref": null}, "geometry": {"type": "LineString", "coordinates": [[77.3721217, 28.6009979], [77.3719075, 28.6010148], [77.3710221, 28.6010854]]}}, {"id": "149", "type": "Feature", "properties": {"name": null, "highway": "motorway_link", "ref": null}, "geometry": {"type": "LineString", "coordinates": [[77.33198, 28.5501334], [77.3315887, 28.5507775]]}}, {"id": "150", "type": "Feature", "properties": {"name": null, "highway": "primary_link", "ref": null}, "geometry": {"type": "LineString", "coordinates": [[77.3690994, 28.6008986], [77.369071, 28.6007279]]}}, {"id": "151", "type": "Feature", "properties": {"name": "Maharaja Agrasen Marg (Flyover)", "highway": "primary", "ref": null}, "geometry": {"type": "LineString", "coordinates": [[77.3690994, 28.6008986], [77.3688766, 28.6007871], [77.3688211, 28.6007623], [77.3685441, 28.6006387], [77.3680773, 28.600309], [77.3669455, 28.599506], [77.3645476, 28.5977351], [77.3625963, 28.5962597], [77.3611398, 28.5951716], [77.3586105, 28.5932735], [77.3579653, 28.59275], [77.3572617, 28.5922285], [77.3562314, 28.5914647], [77.3545255, 28.5902189], [77.3520283, 28.5883936], [77.3517254, 28.5881721]]}}, {"id": "152", "type": "Feature", "properties": {"name": "Ghaziabad East-Greater Noida-Jewar Airport East Road", "highway": "motorway", "ref": null}, "geometry": {"type": "LineString", "coordinates": [[77.5588348, 28.1724002], [77.5590923, 28.1722139], [77.5593908, 28.1720218], [77.5595211, 28.1719445], [77.5597082, 28.1718589], [77.560073, 28.1717295], [77.5603359, 28.1716585], [77.5606368, 28.1715875], [77.5609305, 28.1715373], [77.5614602, 28.1714625]]}}, {"id": "153", "type": "Feature", "properties": {"name": "Maharaja Agrasen Marg Underpass, Maharaja Agrasen Marg", "highway": "primary", "ref": null}, "geometry": {"type": "LineString", "coordinates": [[77.3203907, 28.5658823], [77.3217591, 28.5661404], [77.3221565, 28.5662285], [77.3223989, 28.5663562], [77.3225452, 28.5664528], [77.3227847, 28.5666031], [77.3231318, 28.5668667], [77.3232248, 28.5669343], [77.3233242, 28.5670079], [77.3239624, 28.5675062], [77.3243991, 28.567851], [77.3245991, 28.5680055], [77.3248684, 28.5682294], [77.324924, 28.5682885], [77.3260053, 28.5691293], [77.3263231, 28.5693758], [77.3278099, 28.5705319], [77.3280959, 28.570744], [77.3294566, 28.5717523], [77.3294846, 28.5717745]]}}, {"id": "154", "type": "Feature", "properties": {"name": "Maharaja Agrasen Marg", "highway": "primary", "ref": null}, "geometry": {"type": "LineString", "coordinates": [[77.3183679, 28.5652528], [77.3182041, 28.5652046], [77.3178287, 28.565156], [77.31698, 28.5650241], [77.3160499, 28.5648668]]}}, {"id": "155", "type": "Feature", "properties": {"name": "Noida Film City Flyover", "highway": "trunk_link", "ref": null}, "geometry": {"type": "LineString", "coordinates": [[77.3183679, 28.5652528], [77.3183358, 28.5652684], [77.3182424, 28.5652991], [77.3181195, 28.5652982], [77.3179477, 28.5652742], [77.3159837, 28.5649642], [77.3155702, 28.5648997], [77.3153456, 28.5648647], [77.3148608, 28.5647744], [77.3146635, 28.5647135], [77.3144997, 28.5646269], [77.3143675, 28.5645145], [77.3142573, 28.5643684], [77.3142038, 28.5641992], [77.3142059, 28.5640317], [77.3142567, 28.5638869], [77.3143633, 28.5637434], [77.3145123, 28.5636468], [77.3147682, 28.5635605], [77.3149692, 28.5635669], [77.315153, 28.5636067], [77.3153134, 28.5637081], [77.315417, 28.5638084], [77.3154904, 28.5639707], [77.3155167, 28.5641008], [77.3155196, 28.5642108], [77.3155021, 28.5643252], [77.3154177, 28.564632]]}}, {"id": "156", "type": "Feature", "properties": {"name": "Maharaja Agrasen Marg", "highway": "primary", "ref": null}, "geometry": {"type": "LineString", "coordinates": [[77.3190092, 28.5656936], [77.3190799, 28.5657086], [77.3192105, 28.5657262], [77.319294, 28.5657407], [77.3201089, 28.565869], [77.3201745, 28.5658775], [77.3203907, 28.5658823]]}}, {"id": "157", "type": "Feature", "properties": {"name": "Maharaja Agrasen Marg", "highway": "primary", "ref": null}, "geometry": {"type": "LineString", "coordinates": [[77.3190092, 28.5656936], [77.3190805, 28.565648], [77.3192149, 28.565631], [77.3193047, 28.5656463], [77.3201537, 28.5657602], [77.3201966, 28.5657718], [77.3203907, 28.5658823]]}}, {"id": "158", "type": "Feature", "properties": {"name": "Maharaja Agrasen Marg", "highway": "primary", "ref": null}, "geometry": {"type": "LineString", "coordinates": [[77.3189197, 28.5656746], [77.3190092, 28.5656936]]}}, {"id": "159", "type": "Feature", "properties": {"name": null, "highway": "trunk_link", "ref": null}, "geometry": {"type": "LineString", "coordinates": [[77.3128858, 28.5733245], [77.3125422, 28.5733436]]}}, {"id": "160", "type": "Feature", "properties": {"name": null, "highway": "trunk_link", "ref": null}, "geometry": {"type": "LineString", "coordinates": [[77.3128858, 28.5733245], [77.312274, 28.5730866], [77.3122056, 28.5730513]]}}, {"id": "161", "type": "Feature", "properties": {"name": "Noida-Greater Noida Expressway", "highway": "motorway", "ref": null}, "geometry": {"type": "LineString", "coordinates": [[77.3860415, 28.5119044], [77.3868697, 28.5110037], [77.3877952, 28.5099397], [77.3884487, 28.5091012], [77.389002, 28.5084756], [77.3895514, 28.5079929], [77.390078, 28.5075677], [77.3905175, 28.5072642], [77.3910189, 28.5069578], [77.3912785, 28.5068221], [77.3917842, 28.5065577], [77.3923473, 28.5063099], [77.3935944, 28.5058261], [77.3973132, 28.5042404], [77.400087, 28.5031412], [77.4031446, 28.5019163], [77.4061693, 28.5007488], [77.4065024, 28.5006105], [77.4075996, 28.5001658], [77.409718, 28.4993065], [77.4122293, 28.4983381], [77.4154039, 28.4970375], [77.4186888, 28.4955398], [77.4196762, 28.4950881], [77.4205418, 28.4946066], [77.4216046, 28.4938436], [77.4236468, 28.4922525]]}}, {"id": "162", "type": "Feature", "properties": {"name": null, "highway": "motorway", "ref": null}, "geometry": {"type": "LineString", "coordinates": [[77.3854837, 28.5127424], [77.3855783, 28.5126101], [77.3859174, 28.5121525], [77.3860415, 28.5119044]]}}, {"id": "163", "type": "Feature", "properties": {"name": "Noida-Greater Noida Expressway", "highway": "motorway", "ref": null}, "geometry": {"type": "LineString", "coordinates": [[77.3673025, 28.5265172], [77.3667311, 28.5268726], [77.3656152, 28.5274422], [77.3642353, 28.5281504], [77.3636042, 28.5284705], [77.3618078, 28.5295276], [77.3613213, 28.5298285], [77.3606493, 28.5302399], [77.3597027, 28.5308952], [77.3583859, 28.5318882], [77.3565327, 28.5331962], [77.3541414, 28.5347992], [77.3540311, 28.5348731], [77.3539422, 28.5349327], [77.3522503, 28.5360725]]}}, {"id": "164", "type": "Feature", "properties": {"name": null, "highway": "motorway_link", "ref": null}, "geometry": {"type": "LineString", "coordinates": [[77.3273748, 28.5552328], [77.3273785, 28.5552092], [77.327422, 28.5548715], [77.327463, 28.5547714]]}}, {"id": "165", "type": "Feature", "properties": {"name": null, "highway": "motorway_link", "ref": null}, "geometry": {"type": "LineString", "coordinates": [[77.3265503, 28.5552705], [77.3267673, 28.5552938], [77.3272612, 28.5553938]]}}, {"id": "166", "type": "Feature", "properties": {"name": null, "highway": "motorway_link", "ref": null}, "geometry": {"type": "LineString", "coordinates": [[77.3265503, 28.5552705], [77.3267233, 28.5551765], [77.3269095, 28.5550816], [77.327463, 28.5547714]]}}, {"id": "167", "type": "Feature", "properties": {"name": null, "highway": "motorway_link", "ref": null}, "geometry": {"type": "LineString", "coordinates": [[77.3263309, 28.5552885], [77.3265503, 28.5552705]]}}, {"id": "168", "type": "Feature", "properties": {"name": "Noida-Greater Noida Expressway", "highway": "motorway", "ref": null}, "geometry": {"type": "LineString", "coordinates": [[77.3263309, 28.5552885], [77.3267888, 28.5548818], [77.327174, 28.5546035], [77.3273306, 28.5544903], [77.327739, 28.5541766]]}}, {"id": "169", "type": "Feature", "properties": {"name": "Noida-Greater Noida Expressway", "highway": "motorway", "ref": null}, "geometry": {"type": "LineString", "coordinates": [[77.3315887, 28.5507775], [77.3312793, 28.5510698], [77.3303305, 28.5519406], [77.329522, 28.552647], [77.3282945, 28.553572], [77.3276839, 28.5540336]]}}, {"id": "170", "type": "Feature", "properties": {"name": "Yamuna Expressway", "highway": "motorway", "ref": null}, "geometry": {"type": "LineString", "coordinates": [[77.5604702, 28.2935263], [77.5606184, 28.2930532], [77.560677, 28.2928661], [77.5623967, 28.2873758], [77.563806, 28.2828984]]}}, {"id": "171", "type": "Feature", "properties": {"name": null, "highway": "trunk_link", "ref": null}, "geometry": {"type": "LineString", "coordinates": [[77.3030617, 28.5813593], [77.3030856, 28.5813926], [77.3031034, 28.5814062], [77.3031299, 28.5814145], [77.3031507, 28.5814161], [77.3031719, 28.5814085], [77.3031946, 28.5813869], [77.3032128, 28.5813673], [77.3032309, 28.5813476], [77.3032486, 28.5813354], [77.3032634, 28.5813274], [77.3032846, 28.5813223], [77.3033067, 28.5813229]]}}, {"id": "172", "type": "Feature", "properties": {"name": "Yamuna Expressway", "highway": "motorway_link", "ref": null}, "geometry": {"type": "LineString", "coordinates": [[77.5513663, 28.3227538], [77.5516696, 28.3222041], [77.5522177, 28.3205011], [77.5526415, 28.3196557], [77.552725, 28.319363], [77.552881, 28.3188163], [77.5530238, 28.3184818], [77.5531781, 28.3183318], [77.5533324, 28.318275], [77.5534982, 28.3182973], [77.5536387, 28.3183987], [77.55374, 28.3185325], [77.5537285, 28.3187008], [77.5536838, 28.3190954]]}}, {"id": "173", "type": "Feature", "properties": {"name": "Yamuna Expressway", "highway": "motorway", "ref": null}, "geometry": {"type": "LineString", "coordinates": [[77.5513663, 28.3227538], [77.5531753, 28.3169644], [77.5547674, 28.3118806], [77.5548958, 28.3114707], [77.5559666, 28.3080514], [77.5578198, 28.3020539], [77.5580086, 28.3014427], [77.5593198, 28.297199], [77.5604702, 28.2935263]]}}, {"id": "174", "type": "Feature", "properties": {"name": "Yamuna Expressway", "highway": "motorway", "ref": null}, "geometry": {"type": "LineString", "coordinates": [[77.5422726, 28.3510922], [77.5419425, 28.3521574], [77.5415524, 28.353398], [77.541461, 28.3536886], [77.5405316, 28.356644], [77.5404176, 28.3570067], [77.5397033, 28.3592781], [77.5385201, 28.363051], [77.5383909, 28.363463], [77.5379162, 28.3649768], [77.5371547, 28.3673623], [77.5364487, 28.3697366], [77.5364215, 28.3698247], [77.5363317, 28.370116], [77.5361771, 28.3706092], [77.5358677, 28.3715958], [77.5349867, 28.3744053], [77.5345475, 28.375806], [77.5344908, 28.3759868], [77.5344604, 28.3760857], [77.5343952, 28.376298], [77.5342102, 28.3768817], [77.5337799, 28.3782538], [77.5334664, 28.3792584], [77.5319283, 28.3841866], [77.531761, 28.3846642], [77.5316359, 28.3850214], [77.5314867, 28.3854476], [77.530975, 28.386693], [77.5304175, 28.3879228], [77.5296796, 28.3893222]]}}, {"id": "175", "type": "Feature", "properties": {"name": null, "highway": "motorway_link", "ref": null}, "geometry": {"type": "LineString", "coordinates": [[77.5390074, 28.3622638], [77.5393253, 28.3616129], [77.5397329, 28.3603138], [77.5400945, 28.3595011], [77.5402949, 28.3590796], [77.5404952, 28.3583176], [77.5405943, 28.3580805], [77.5407048, 28.3579224], [77.5408683, 28.3578129], [77.5410595, 28.3577825], [77.5412368, 28.3578656], [77.5412852, 28.3579913], [77.5412322, 28.3583095], [77.5410503, 28.35865], [77.5408522, 28.3591161], [77.5407601, 28.3594363], [77.5408031, 28.3604289]]}}, {"id": "176", "type": "Feature", "properties": {"name": "Yamuna Expressway", "highway": "motorway", "ref": null}, "geometry": {"type": "LineString", "coordinates": [[77.5390074, 28.3622638], [77.5405873, 28.3571786], [77.5406998, 28.3568166], [77.5415864, 28.353963], [77.541658, 28.3537341], [77.5417482, 28.353446], [77.544175, 28.3456935], [77.5463743, 28.3386406], [77.5465134, 28.3381947], [77.5475098, 28.3349991], [77.5502182, 28.3264281], [77.5506497, 28.3250472], [77.5507693, 28.3246645], [77.5513663, 28.3227538]]}}, {"id": "177", "type": "Feature", "properties": {"name": "Yamuna Expressway", "highway": "motorway", "ref": null}, "geometry": {"type": "LineString", "coordinates": [[77.5742488, 28.1334896], [77.5749076, 28.1292204], [77.5752526, 28.1271314], [77.575321, 28.126717], [77.5755732, 28.1251903], [77.5757325, 28.1241083], [77.575758, 28.1239605], [77.5757699, 28.1238537], [77.5758684, 28.1229703], [77.5759596, 28.1218529], [77.5759851, 28.121209], [77.5759745, 28.1198294], [77.5759681, 28.1196872], [77.5759596, 28.1192454], [77.5757547, 28.1172068], [77.5757178, 28.116449]]}}, {"id": "178", "type": "Feature", "properties": {"name": null, "highway": "motorway_link", "ref": null}, "geometry": {"type": "LineString", "coordinates": [[77.5305602, 28.38515], [77.5307567, 28.3850479], [77.5308658, 28.3850121], [77.5310026, 28.385025], [77.531115, 28.3850924], [77.531172, 28.385184], [77.5311752, 28.3853087], [77.531075, 28.385816], [77.5306792, 28.3867798], [77.5306282, 28.386904], [77.5305383, 28.3871674], [77.5303633, 28.3877165], [77.5299925, 28.3884479], [77.5298382, 28.388772], [77.5296796, 28.3893222]]}}, {"id": "179", "type": "Feature", "properties": {"name": "Yamuna Expressway", "highway": "motorway", "ref": null}, "geometry": {"type": "LineString", "coordinates": [[77.5296796, 28.3893222], [77.5296587, 28.3893607], [77.5295834, 28.3895018], [77.527009, 28.3943251], [77.5257225, 28.3967964], [77.5256452, 28.396936], [77.5244204, 28.3991468], [77.523275, 28.4012898], [77.5188883, 28.4094974], [77.5172348, 28.4125417], [77.5165408, 28.4139337], [77.5161237, 28.4148402], [77.5157161, 28.4158167], [77.5155837, 28.4161339], [77.5131636, 28.4221962], [77.51303, 28.4225301], [77.5113971, 28.4262799], [77.5097122, 28.4293189], [77.5086565, 28.4311105], [77.5080068, 28.4322524], [77.5079114, 28.4324251], [77.5051827, 28.4371791], [77.5011076, 28.4441731], [77.5005558, 28.4449925], [77.4997392, 28.4460726], [77.4984306, 28.447708]]}}, {"id": "180", "type": "Feature", "properties": {"name": "Yamuna Expressway", "highway": "motorway", "ref": null}, "geometry": {"type": "LineString", "coordinates": [[77.5261913, 28.3963485], [77.5287678, 28.3915098], [77.5297805, 28.3895913], [77.5298586, 28.3894434], [77.5301684, 28.3888566], [77.5305914, 28.3880032], [77.5311739, 28.3867563], [77.531647, 28.3855844], [77.5318217, 28.3850754], [77.5319425, 28.3847236], [77.5324222, 28.3833264], [77.5333993, 28.3801285], [77.5335927, 28.3795174], [77.5341472, 28.3777657], [77.534346, 28.3771376], [77.5346919, 28.3760446], [77.5347519, 28.3758551], [77.5348652, 28.3754973], [77.5357519, 28.3726956], [77.5359209, 28.3721616], [77.5360012, 28.371904], [77.5366155, 28.3699346], [77.5369966, 28.3687126], [77.538614, 28.3635269], [77.5387433, 28.3631123], [77.5388965, 28.3626209], [77.5390074, 28.3622638]]}}, {"id": "181", "type": "Feature", "properties": {"name": null, "highway": "motorway_link", "ref": null}, "geometry": {"type": "LineString", "coordinates": [[77.5261913, 28.3963485], [77.5266992, 28.395636], [77.5273554, 28.3944427], [77.5274156, 28.3943703], [77.5276616, 28.3940745], [77.5280459, 28.3936906], [77.5284156, 28.3932493], [77.5287654, 28.3927757], [77.5290464, 28.3922611], [77.5291846, 28.3919653], [77.5293274, 28.3918376], [77.5295416, 28.3918113], [77.5296728, 28.3918781], [77.5297788, 28.3919673], [77.5298156, 28.3921294], [77.5297742, 28.3922611], [77.5296084, 28.3924819], [77.5292997, 28.3927311], [77.529104, 28.3929924], [77.5288553, 28.3934746], [77.5287862, 28.3936934], [77.5287115, 28.3938804]]}}, {"id": "182", "type": "Feature", "properties": {"name": null, "highway": "motorway_link", "ref": null}, "geometry": {"type": "LineString", "coordinates": [[77.5426176, 28.346875], [77.5427188, 28.3467153], [77.5430103, 28.3457766], [77.5431683, 28.3453652], [77.5433067, 28.3451961], [77.5434402, 28.3451703], [77.5435721, 28.3451975], [77.543691, 28.3452893], [77.5437219, 28.3454369], [77.5436861, 28.3457149], [77.5434765, 28.3464509], [77.54338, 28.3467899], [77.5432709, 28.3472714], [77.5430445, 28.3481744], [77.5426911, 28.3493123], [77.5423929, 28.3502788], [77.5422726, 28.3510922]]}}, {"id": "183", "type": "Feature", "properties": {"name": null, "highway": "motorway_link", "ref": null}, "geometry": {"type": "LineString", "coordinates": [[77.4984306, 28.447708], [77.4978046, 28.4482928], [77.4959946, 28.4504133], [77.4957291, 28.4506201], [77.4954357, 28.4507779], [77.4951323, 28.4508846], [77.4947934, 28.4509647], [77.494495, 28.4509891], [77.4941284, 28.4509802], [77.4938249, 28.450918], [77.4935442, 28.4508157], [77.4932104, 28.4506401], [77.4916456, 28.4493683], [77.4907495, 28.4488818]]}}, {"id": "184", "type": "Feature", "properties": {"name": null, "highway": "motorway_link", "ref": null}, "geometry": {"type": "LineString", "coordinates": [[77.4984306, 28.447708], [77.4978973, 28.4483589], [77.4952646, 28.4515838], [77.4941155, 28.45299], [77.4938723, 28.4532258], [77.4936363, 28.4533673], [77.4933252, 28.4534459], [77.4930033, 28.4534459], [77.4927279, 28.4533516], [77.4924919, 28.4531818], [77.4923631, 28.4530278], [77.4922416, 28.4526882], [77.4922416, 28.4524398], [77.4923417, 28.4521914], [77.4925742, 28.4519272], [77.4928746, 28.4517606], [77.4931213, 28.451726], [77.4934074, 28.4517323], [77.49374, 28.4518361], [77.4940422, 28.4520468], [77.4958071, 28.4533782], [77.4975704, 28.4545617]]}}, {"id": "185", "type": "Feature", "properties": {"name": "Yamuna Expressway", "highway": "motorway", "ref": null}, "geometry": {"type": "LineString", "coordinates": [[77.4984506, 28.4479781], [77.4997088, 28.4464497], [77.5007226, 28.4450585], [77.501269, 28.4442553], [77.5053477, 28.437268], [77.5080787, 28.432507], [77.5081679, 28.432339], [77.5098617, 28.4293991], [77.511036, 28.4273823], [77.5132389, 28.4225807], [77.5133662, 28.4222624], [77.5157632, 28.4162021], [77.5158962, 28.4158658], [77.5162951, 28.4149194], [77.5167282, 28.4139935], [77.5174838, 28.4126213], [77.5190728, 28.4095758], [77.5246119, 28.3993145], [77.5258334, 28.3970206], [77.5259088, 28.3968791], [77.5261913, 28.3963485]]}}, {"id": "186", "type": "Feature", "properties": {"name": "Noida-Greater Noida Expressway", "highway": "motorway", "ref": null}, "geometry": {"type": "LineString", "coordinates": [[77.4907495, 28.4488818], [77.4903104, 28.4485525], [77.4887124, 28.447301], [77.4882585, 28.4469253]]}}, {"id": "187", "type": "Feature", "properties": {"name": "Noida-Greater Noida Expressway", "highway": "motorway", "ref": null}, "geometry": {"type": "LineString", "coordinates": [[77.4914118, 28.4496998], [77.4975704, 28.4545617]]}}, {"id": "188", "type": "Feature", "properties": {"name": null, "highway": "motorway_link", "ref": null}, "geometry": {"type": "LineString", "coordinates": [[77.4914118, 28.4496998], [77.4920127, 28.4503802], [77.4921879, 28.4506569], [77.4922988, 28.4509714], [77.4923488, 28.4513393], [77.4923024, 28.4517009], [77.4922666, 28.4518518], [77.4920699, 28.4523895], [77.492052, 28.4526662], [77.4920949, 28.4528705], [77.4921843, 28.4530843], [77.4923953, 28.4533202], [77.492592, 28.4534617], [77.4928674, 28.4535717], [77.4930927, 28.4536189], [77.4934289, 28.4536189], [77.4936435, 28.4535623], [77.4938616, 28.4534459], [77.4940905, 28.4532793], [77.4942796, 28.4530917], [77.4980552, 28.4484401], [77.4984506, 28.4479781]]}}, {"id": "189", "type": "Feature", "properties": {"name": null, "highway": "motorway_link", "ref": null}, "geometry": {"type": "LineString", "coordinates": [[77.5682004, 28.2282935], [77.5684172, 28.2279153], [77.5685728, 28.2271875], [77.5685996, 28.2264501], [77.5686056, 28.2255323], [77.5686459, 28.2243832], [77.5686166, 28.2240846], [77.568502, 28.2235325], [77.5684191, 28.2231371], [77.5683582, 28.2226838], [77.5682151, 28.222349]]}}, {"id": "190", "type": "Feature", "properties": {"name": "Yamuna Expressway", "highway": "motorway", "ref": null}, "geometry": {"type": "LineString", "coordinates": [[77.5682004, 28.2282935], [77.5681964, 28.2270969], [77.5682103, 28.2255944], [77.568212, 28.2255051], [77.5682151, 28.222349]]}}, {"id": "191", "type": "Feature", "properties": {"name": "Noida-Greater Noida Expressway", "highway": "motorway", "ref": null}, "geometry": {"type": "LineString", "coordinates": [[77.4977069, 28.4543476], [77.4907495, 28.4488818]]}}, {"id": "192", "type": "Feature", "properties": {"name": null, "highway": "motorway_link", "ref": null}, "geometry": {"type": "LineString", "coordinates": [[77.4977069, 28.4543476], [77.4969526, 28.4535745], [77.4958032, 28.4525925], [77.495673, 28.4524585], [77.4955896, 28.4523106], [77.4955668, 28.4521719], [77.4955635, 28.451906], [77.4956662, 28.4515998], [77.4981795, 28.4485413], [77.4984506, 28.4479781]]}}, {"id": "193", "type": "Feature", "properties": {"name": null, "highway": "trunk", "ref": "NH334DD"}, "geometry": {"type": "LineString", "coordinates": [[77.5701643, 28.1355014], [77.5702185, 28.1356057], [77.5707986, 28.136159]]}}, {"id": "194", "type": "Feature", "properties": {"name": null, "highway": "motorway_link", "ref": null}, "geometry": {"type": "LineString", "coordinates": [[77.4868554, 28.4460828], [77.4867543, 28.4462034]]}}, {"id": "195", "type": "Feature", "properties": {"name": "Noida-Greater Noida Expressway", "highway": "motorway", "ref": null}, "geometry": {"type": "LineString", "coordinates": [[77.4868554, 28.4460828], [77.4885715, 28.4474193], [77.4901502, 28.4486645], [77.4914118, 28.4496998]]}}, {"id": "196", "type": "Feature", "properties": {"name": null, "highway": "motorway_link", "ref": null}, "geometry": {"type": "LineString", "coordinates": [[77.5713383, 28.1360061], [77.571123, 28.1362748]]}}, {"id": "197", "type": "Feature", "properties": {"name": null, "highway": "motorway_link", "ref": null}, "geometry": {"type": "LineString", "coordinates": [[77.5713383, 28.1360061], [77.5711851, 28.136074], [77.5710221, 28.1361818]]}}, {"id": "198", "type": "Feature", "properties": {"name": "Yamuna Expressway", "highway": "motorway", "ref": null}, "geometry": {"type": "LineString", "coordinates": [[77.5741077, 28.132867], [77.5736019, 28.1360652], [77.5734016, 28.1374918], [77.5730804, 28.139779], [77.5729821, 28.1404794], [77.5721963, 28.1465441], [77.5720625, 28.1475335]]}}, {"id": "199", "type": "Feature", "properties": {"name": null, "highway": "motorway_link", "ref": null}, "geometry": {"type": "LineString", "coordinates": [[77.5741077, 28.132867], [77.5738482, 28.1333782], [77.5736236, 28.1338448], [77.5732842, 28.134384], [77.5730346, 28.1346921], [77.5728624, 28.1348594], [77.5726378, 28.1350464], [77.5721736, 28.1353787], [77.5713383, 28.1360061]]}}, {"id": "200", "type": "Feature", "properties": {"name": null, "highway": "motorway_link", "ref": null}, "geometry": {"type": "LineString", "coordinates": [[77.4882585, 28.4469253], [77.487865, 28.4464634]]}}, {"id": "201", "type": "Feature", "properties": {"name": "Noida-Greater Noida Expressway", "highway": "motorway", "ref": null}, "geometry": {"type": "LineString", "coordinates": [[77.4882585, 28.4469253], [77.4862645, 28.4453211], [77.4857326, 28.4449515], [77.4852378, 28.4446931], [77.4845459, 28.4443954], [77.483637, 28.444162], [77.4827778, 28.4440371], [77.4819186, 28.4439955], [77.481215, 28.4440431], [77.4804911, 28.4441561], [77.4797875, 28.4443286], [77.4791177, 28.4445784], [77.4785156, 28.4448521], [77.4779744, 28.4451674], [77.4775278, 28.4454886], [77.4771084, 28.4458455], [77.4765419, 28.446437], [77.4758305, 28.4473656], [77.475682, 28.447547]]}}, {"id": "202", "type": "Feature", "properties": {"name": "Noida-Greater Noida Expressway", "highway": "motorway", "ref": null}, "geometry": {"type": "LineString", "coordinates": [[77.3680035, 28.5262372], [77.3684244, 28.5258923], [77.370409, 28.5243388]]}}, {"id": "203", "type": "Feature", "properties": {"name": null, "highway": "motorway_link", "ref": null}, "geometry": {"type": "LineString", "coordinates": [[77.3680035, 28.5262372], [77.3682351, 28.5262015], [77.3684714, 28.5261372]]}}, {"id": "204", "type": "Feature", "properties": {"name": null, "highway": "motorway_link", "ref": null}, "geometry": {"type": "LineString", "coordinates": [[77.327463, 28.5547714], [77.3275533, 28.5545513], [77.327739, 28.5541766]]}}, {"id": "205", "type": "Feature", "properties": {"name": "Dadri Main Road", "highway": "trunk", "ref": null}, "geometry": {"type": "LineString", "coordinates": [[77.3111627, 28.5706874], [77.3120553, 28.5694708], [77.3121373, 28.5693582], [77.3146644, 28.5659394], [77.3151131, 28.565331]]}}, {"id": "206", "type": "Feature", "properties": {"name": "Dadri Main Road", "highway": "trunk", "ref": null}, "geometry": {"type": "LineString", "coordinates": [[77.3154177, 28.564632], [77.3150544, 28.5651239], [77.3137441, 28.5668849], [77.3124656, 28.5685815], [77.3109135, 28.5707395]]}}, {"id": "207", "type": "Feature", "properties": {"name": null, "highway": "trunk_link", "ref": null}, "geometry": {"type": "LineString", "coordinates": [[77.3151131, 28.565331], [77.3153677, 28.5652354], [77.3155305, 28.5651921], [77.3157449, 28.5651752], [77.3159332, 28.5651765]]}}, {"id": "208", "type": "Feature", "properties": {"name": "Dadri Main Road", "highway": "trunk", "ref": null}, "geometry": {"type": "LineString", "coordinates": [[77.3151131, 28.565331], [77.3152046, 28.5652069], [77.316068, 28.5641109]]}}, {"id": "209", "type": "Feature", "properties": {"name": "Noida Film City Flyover", "highway": "trunk_link", "ref": null}, "geometry": {"type": "LineString", "coordinates": [[77.316883, 28.5625343], [77.3165969, 28.5626757], [77.3160783, 28.5628856], [77.3156196, 28.5630665], [77.3150951, 28.5632711], [77.3145354, 28.5634914], [77.3142587, 28.5636724], [77.3141298, 28.563881], [77.314101, 28.564037], [77.3140926, 28.5642158], [77.3141387, 28.5643928], [77.3142626, 28.5645753], [77.3144263, 28.5647117], [77.3146299, 28.5648131], [77.3148125, 28.5648758], [77.315014, 28.5649182], [77.3152805, 28.5649569], [77.3155534, 28.5649937], [77.3159837, 28.5650583], [77.3179264, 28.5653901], [77.318596, 28.5655311], [77.3188417, 28.5655788], [77.3189022, 28.5656134], [77.3189197, 28.5656746]]}}, {"id": "210", "type": "Feature", "properties": {"name": "Dadri Main Road", "highway": "trunk", "ref": null}, "geometry": {"type": "LineString", "coordinates": [[77.316883, 28.5625343], [77.3167419, 28.5627896], [77.3154177, 28.564632]]}}, {"id": "211", "type": "Feature", "properties": {"name": "Dadri Main Road", "highway": "trunk", "ref": null}, "geometry": {"type": "LineString", "coordinates": [[77.3195489, 28.5597555], [77.3188367, 28.560092], [77.3183833, 28.5603319], [77.318173, 28.5604643], [77.3178372, 28.5607605], [77.3176453, 28.5610014], [77.3174969, 28.561212], [77.3173879, 28.5613725], [77.3173516, 28.5614262], [77.3171863, 28.5618399]]}}, {"id": "212", "type": "Feature", "properties": {"name": "Dadri Main Road", "highway": "trunk", "ref": null}, "geometry": {"type": "LineString", "coordinates": [[77.3171863, 28.5618399], [77.3170024, 28.5622177], [77.316883, 28.5625343]]}}, {"id": "213", "type": "Feature", "properties": {"name": null, "highway": "trunk", "ref": "NH334DD"}, "geometry": {"type": "LineString", "coordinates": [[77.5707986, 28.136159], [77.5709371, 28.1362704]]}}, {"id": "214", "type": "Feature", "properties": {"name": "Yamuna Expressway", "highway": "motorway_link", "ref": null}, "geometry": {"type": "LineString", "coordinates": [[77.5707986, 28.136159], [77.570761, 28.136232], [77.5707449, 28.1363621], [77.5707494, 28.1366218]]}}, {"id": "215", "type": "Feature", "properties": {"name": "Yamuna Expressway", "highway": "motorway", "ref": null}, "geometry": {"type": "LineString", "coordinates": [[77.5727828, 28.1438735], [77.5732481, 28.1405061], [77.5733992, 28.1393928], [77.5737214, 28.1370193], [77.573848, 28.1360864], [77.5741323, 28.1342441], [77.5741869, 28.1338906], [77.5742488, 28.1334896]]}}, {"id": "216", "type": "Feature", "properties": {"name": null, "highway": "motorway_link", "ref": null}, "geometry": {"type": "LineString", "coordinates": [[77.5727828, 28.1438735], [77.573007, 28.143159], [77.5731575, 28.1427516], [77.5733956, 28.1424214], [77.5737806, 28.1420325], [77.5745511, 28.1413695], [77.5749357, 28.1410386], [77.5757283, 28.1404694]]}}, {"id": "217", "type": "Feature", "properties": {"name": "Noida-Greater Noida Expressway", "highway": "motorway", "ref": null}, "geometry": {"type": "LineString", "coordinates": [[77.3276839, 28.5540336], [77.3268784, 28.5546], [77.3267911, 28.5546713]]}}, {"id": "218", "type": "Feature", "properties": {"name": null, "highway": "motorway_link", "ref": null}, "geometry": {"type": "LineString", "coordinates": [[77.3276839, 28.5540336], [77.3274799, 28.5541098], [77.3273452, 28.5541346], [77.3272623, 28.5541311], [77.3271787, 28.5540936], [77.3270982, 28.5540286]]}}, {"id": "219", "type": "Feature", "properties": {"name": null, "highway": "primary", "ref": null}, "geometry": {"type": "LineString", "coordinates": [[77.5790944, 28.1777285], [77.57916, 28.1776675], [77.5792078, 28.1775948], [77.5792352, 28.1775142], [77.5792407, 28.1774303], [77.5792241, 28.1773476], [77.5792106, 28.1773194]]}}, {"id": "220", "type": "Feature", "properties": {"name": null, "highway": "primary", "ref": null}, "geometry": {"type": "LineString", "coordinates": [[77.5790944, 28.1777285], [77.5792669, 28.1776896], [77.5794105, 28.1776643], [77.5795433, 28.1776485], [77.5797121, 28.1776422], [77.5798916, 28.177639], [77.5800531, 28.1776295], [77.5802542, 28.1776168], [77.580466, 28.1775884], [77.5806563, 28.1775599], [77.5808689, 28.1775172], [77.5871105, 28.1763625], [77.5872398, 28.1763412], [77.5873037, 28.1763357], [77.5873821, 28.1763376], [77.5874707, 28.1763467], [77.5875409, 28.176363], [77.5876048, 28.1763812], [77.5876952, 28.1764041]]}}, {"id": "221", "type": "Feature", "properties": {"name": null, "highway": "primary", "ref": null}, "geometry": {"type": "LineString", "coordinates": [[77.5792106, 28.1773194], [77.5791898, 28.1772761], [77.579139, 28.1772127], [77.579074, 28.1771603], [77.5789978, 28.1771214], [77.5789139, 28.1770978], [77.5788263, 28.1770905], [77.5787388, 28.1770999], [77.5787051, 28.1771103]]}}, {"id": "222", "type": "Feature", "properties": {"name": null, "highway": "primary", "ref": null}, "geometry": {"type": "LineString", "coordinates": [[77.5875297, 28.176042], [77.5875236, 28.1760578], [77.5875177, 28.1761478], [77.5875391, 28.1762359], [77.5875861, 28.1763159], [77.5876555, 28.176382], [77.5876952, 28.1764041]]}}, {"id": "223", "type": "Feature", "properties": {"name": null, "highway": "primary", "ref": null}, "geometry": {"type": "LineString", "coordinates": [[77.5875297, 28.176042], [77.5874806, 28.1760883], [77.5874234, 28.1761219], [77.5873527, 28.1761555], [77.5872792, 28.1761795], [77.5871976, 28.1761987], [77.5870748, 28.1762232], [77.5808237, 28.1773757], [77.5805044, 28.1774292], [77.5803493, 28.1774532], [77.5801561, 28.1774772], [77.5799711, 28.1774916], [77.5798105, 28.1774988], [77.57965, 28.1774988], [77.5794976, 28.1774772], [77.5794051, 28.1774508], [77.5793344, 28.1774148], [77.5792691, 28.1773693], [77.5792106, 28.1773194]]}}, {"id": "224", "type": "Feature", "properties": {"name": null, "highway": "primary", "ref": null}, "geometry": {"type": "LineString", "coordinates": [[77.5876952, 28.1764041], [77.587738, 28.1764279], [77.5878309, 28.1764539], [77.5879284, 28.1764583], [77.5880239, 28.1764409], [77.5881113, 28.1764028], [77.5881849, 28.1763464], [77.58824, 28.1762754], [77.5882729, 28.1761945], [77.5882815, 28.1761088], [77.5882653, 28.1760241], [77.5882253, 28.1759457], [77.5881641, 28.1758787], [77.5880815, 28.1758256], [77.5880012, 28.1757987], [77.5879859, 28.1757936], [77.5878842, 28.1757851], [77.5877835, 28.1758006], [77.5876911, 28.1758391], [77.5876417, 28.1758765], [77.5876135, 28.1758978], [77.5875563, 28.1759725], [77.5875297, 28.176042]]}}, {"id": "225", "type": "Feature", "properties": {"name": "Ghaziabad East-Greater Noida-Jewar Airport East Road", "highway": "motorway", "ref": null}, "geometry": {"type": "LineString", "coordinates": [[77.5683816, 28.1715337], [77.5688222, 28.1715955], [77.5692817, 28.1716707], [77.5699213, 28.1717918], [77.5703619, 28.171892], [77.5708287, 28.1720111], [77.5711709, 28.1720998], [77.5714749, 28.1721869], [77.5718519, 28.1723199], [77.572175, 28.172456], [77.5724982, 28.1726237], [77.5725586, 28.1726612]]}}, {"id": "226", "type": "Feature", "properties": {"name": null, "highway": "motorway_link", "ref": null}, "geometry": {"type": "LineString", "coordinates": [[77.5683816, 28.1715337], [77.5686005, 28.1716074], [77.5688232, 28.1717092], [77.5690046, 28.1718219], [77.5691407, 28.171931], [77.569248, 28.1720474], [77.5693139, 28.1721637], [77.5693552, 28.1723237], [77.5693676, 28.1725018], [77.5693346, 28.1726581], [77.5692521, 28.1728363], [77.5691572, 28.1729708], [77.5690088, 28.1730981], [77.5688438, 28.1731889], [77.5686252, 28.1732471], [77.5684355, 28.1732653], [77.568221, 28.1732471], [77.5680396, 28.1731817], [77.5678952, 28.1730908], [77.5677591, 28.1729708], [77.5676766, 28.1728508], [77.567623, 28.1727236], [77.5675941, 28.1725891], [77.5675818, 28.1724182], [77.5675941, 28.172251], [77.5676293, 28.1720322], [77.5676688, 28.1718455], [77.5676939, 28.1716524], [77.5677035, 28.1714662]]}}, {"id": "227", "type": "Feature", "properties": {"name": "Ghaziabad East-Greater Noida-Jewar Airport East Road", "highway": "motorway", "ref": null}, "geometry": {"type": "LineString", "coordinates": [[77.5684355, 28.1713507], [77.5681135, 28.1713086], [77.567629, 28.1712507], [77.5671102, 28.1711929], [77.5668164, 28.1711626]]}}, {"id": "228", "type": "Feature", "properties": {"name": null, "highway": "motorway_link", "ref": null}, "geometry": {"type": "LineString", "coordinates": [[77.5668164, 28.1711626], [77.5664456, 28.1710606], [77.5662324, 28.1709562], [77.5660382, 28.17081], [77.5658961, 28.1706388], [77.5658345, 28.1704592], [77.5658108, 28.1702462], [77.5658203, 28.170075], [77.5658771, 28.1699288], [77.5659576, 28.1697868], [77.5660571, 28.1696783], [77.566204, 28.169578], [77.5663935, 28.1694987], [77.5665498, 28.1694611], [77.5667251, 28.1694486], [77.5669146, 28.1694653], [77.5671089, 28.1695237], [77.5672841, 28.169624], [77.5674357, 28.1697493], [77.5675258, 28.1698745], [77.5675826, 28.170004], [77.5676158, 28.1701418], [77.56763, 28.1703381], [77.5676252, 28.1704968], [77.567611, 28.1706973], [77.5675921, 28.1708769], [77.5675583, 28.1711586]]}}, {"id": "229", "type": "Feature", "properties": {"name": "Ghaziabad East-Greater Noida-Jewar Airport East Road", "highway": "motorway", "ref": null}, "geometry": {"type": "LineString", "coordinates": [[77.5668164, 28.1711626], [77.5662604, 28.1711284], [77.5651992, 28.1710909], [77.5645075, 28.1710909], [77.5638821, 28.1711076], [77.5632236, 28.1711368], [77.5620769, 28.1712359], [77.5612987, 28.1713127], [77.5607382, 28.1714039], [77.5605297, 28.1714498]]}}, {"id": "230", "type": "Feature", "properties": {"name": "Dadri Road", "highway": "trunk_link", "ref": null}, "geometry": {"type": "LineString", "coordinates": [[77.3179362, 28.5614432], [77.3180146, 28.5612764], [77.3180265, 28.5611734], [77.3180071, 28.5610996], [77.3179315, 28.5610542], [77.3178342, 28.5610564], [77.3177286, 28.561089], [77.3174648, 28.5614803], [77.3171863, 28.5618399]]}}, {"id": "231", "type": "Feature", "properties": {"name": "Dadri Main Road", "highway": "trunk", "ref": null}, "geometry": {"type": "LineString", "coordinates": [[77.3179362, 28.5614432], [77.3181096, 28.5612499], [77.3184658, 28.5607846], [77.3185371, 28.5606915], [77.3189306, 28.560281], [77.3192798, 28.560057], [77.3196225, 28.5598849]]}}, {"id": "232", "type": "Feature", "properties": {"name": null, "highway": "primary", "ref": null}, "geometry": {"type": "LineString", "coordinates": [[77.578424, 28.1774519], [77.578428, 28.1775113], [77.5784547, 28.177592], [77.5785018, 28.1776651], [77.5785667, 28.1777266], [77.5786461, 28.1777732], [77.5787355, 28.1778023], [77.5788302, 28.1778125], [77.5789249, 28.177803], [77.5790147, 28.1777745], [77.5790944, 28.1777285]]}}, {"id": "233", "type": "Feature", "properties": {"name": null, "highway": "primary", "ref": null}, "geometry": {"type": "LineString", "coordinates": [[77.5787051, 28.1771103], [77.5786557, 28.1771256], [77.5785808, 28.1771663], [77.5785174, 28.1772202], [77.5784686, 28.1772848], [77.5784366, 28.1773571], [77.5784228, 28.1774338], [77.578424, 28.1774519]]}}, {"id": "234", "type": "Feature", "properties": {"name": null, "highway": "trunk", "ref": null}, "geometry": {"type": "LineString", "coordinates": [[77.5787051, 28.1771103], [77.5785278, 28.1771031], [77.5783628, 28.1770885], [77.5781908, 28.1770514], [77.5781607, 28.1770449], [77.577938, 28.1769576], [77.577661, 28.1767965], [77.5762211, 28.1758142], [77.5758516, 28.1755511], [77.5756242, 28.1753882], [77.5753968, 28.1752045], [77.5751694, 28.1749999], [77.5749731, 28.1748067], [77.5747457, 28.1745561], [77.5743174, 28.1740498], [77.5739166, 28.173586], [77.5736581, 28.1733012], [77.573396, 28.1730575], [77.5731375, 28.1728486], [77.5729328, 28.1726903], [77.5727425, 28.1725669], [77.5724553, 28.1723991], [77.5724079, 28.1723758]]}}, {"id": "235", "type": "Feature", "properties": {"name": null, "highway": "primary", "ref": null}, "geometry": {"type": "LineString", "coordinates": [[77.3160499, 28.5648668], [77.3159792, 28.5648751], [77.3159167, 28.5649054], [77.3158712, 28.5649537], [77.3158488, 28.5650131], [77.3158526, 28.5650757], [77.3158821, 28.5651328], [77.3159332, 28.5651765]]}}, {"id": "236", "type": "Feature", "properties": {"name": null, "highway": "trunk_link", "ref": null}, "geometry": {"type": "LineString", "coordinates": [[77.3160499, 28.5648668], [77.3159152, 28.5648211], [77.3158675, 28.5647754], [77.3158534, 28.5647094], [77.3158551, 28.564626], [77.3159054, 28.5644622], [77.3159559, 28.5643575], [77.316068, 28.5641109]]}}, {"id": "237", "type": "Feature", "properties": {"name": "Yamuna Expressway", "highway": "motorway_link", "ref": null}, "geometry": {"type": "LineString", "coordinates": [[77.5508438, 28.3203037], [77.5509762, 28.3202045], [77.5511366, 28.3201554], [77.5513052, 28.3201732], [77.5514479, 28.3202543], [77.5515358, 28.3203823], [77.551551, 28.3205312], [77.5513608, 28.3211347], [77.5512577, 28.3214617], [77.5510901, 28.3225298], [77.5507877, 28.3234893], [77.5508412, 28.3237213]]}}, {"id": "238", "type": "Feature", "properties": {"name": null, "highway": "motorway_link", "ref": null}, "geometry": {"type": "LineString", "coordinates": [[77.5677745, 28.1712004], [77.5678893, 28.1709616], [77.5679302, 28.1708715], [77.5680227, 28.1706364], [77.5680965, 28.1704084], [77.5682028, 28.1701852], [77.5682715, 28.1700695], [77.5683716, 28.1699565], [77.5684841, 28.1698628], [77.5685966, 28.1698077], [77.568731, 28.1697553], [77.5688779, 28.1697223], [77.5690217, 28.169714], [77.5691623, 28.1697223], [77.5692749, 28.1697471], [77.5693999, 28.1697856], [77.5694968, 28.169838], [77.5696031, 28.1699179], [77.5697156, 28.1700254], [77.5697875, 28.1701328], [77.5698406, 28.1702568], [77.5698812, 28.1703946], [77.5699, 28.1705324], [77.5698844, 28.1706729], [77.5698281, 28.1708217], [77.5697665, 28.1709246], [77.5696713, 28.1710349], [77.5695733, 28.1711309], [77.5694563, 28.1712076], [77.5693039, 28.1712628], [77.5691407, 28.1713012], [77.5690019, 28.1713204], [77.568852, 28.1713355], [77.5686634, 28.1713507], [77.5684355, 28.1713507]]}}, {"id": "239", "type": "Feature", "properties": {"name": "Yamuna Expressway", "highway": "motorway", "ref": null}, "geometry": {"type": "LineString", "coordinates": [[77.5677745, 28.1712004], [77.5677975, 28.1711123], [77.567905, 28.1706997], [77.5681789, 28.1694733], [77.5684638, 28.1680513], [77.5686521, 28.1671178]]}}, {"id": "240", "type": "Feature", "properties": {"name": null, "highway": "trunk", "ref": null}, "geometry": {"type": "LineString", "coordinates": [[77.5725586, 28.1726612], [77.572789, 28.1728041], [77.5730726, 28.1730098], [77.5733275, 28.1732219], [77.5735647, 28.1734573], [77.5737875, 28.1737045], [77.5741762, 28.1741445], [77.5747736, 28.1748406], [77.5749711, 28.1750463], [77.5751865, 28.1752489], [77.5754235, 28.1754483], [77.575651, 28.1756158], [77.5760222, 28.1758776], [77.576431, 28.1761572], [77.577572, 28.1768997], [77.5777194, 28.176994], [77.5778349, 28.1770522], [77.5779957, 28.177114], [77.5781277, 28.1771685], [77.5782061, 28.1772121], [77.5783051, 28.1772994], [77.578424, 28.1774519]]}}, {"id": "241", "type": "Feature", "properties": {"name": null, "highway": "motorway_link", "ref": null}, "geometry": {"type": "LineString", "coordinates": [[77.5669269, 28.1741116], [77.5670001, 28.1739693], [77.567064, 28.1738482], [77.5671398, 28.1737104], [77.567226, 28.1736064], [77.5672797, 28.1735519], [77.5673745, 28.1734792], [77.5675065, 28.1734174], [77.5676632, 28.1733774], [77.5678076, 28.1733629], [77.5679767, 28.1733665], [77.5681746, 28.1733774], [77.5683891, 28.1733847], [77.5685664, 28.173381], [77.5687644, 28.1733447], [77.5689541, 28.173272], [77.5691521, 28.1731556], [77.5692923, 28.1730175], [77.5694545, 28.1728136], [77.5695552, 28.1726768], [77.5696668, 28.1725257], [77.5697702, 28.1724154], [77.5698708, 28.1723314], [77.569977, 28.1722619], [77.5701076, 28.1722043], [77.5702545, 28.1721659], [77.5704314, 28.1721419], [77.5705647, 28.1721419], [77.5707722, 28.172167], [77.5711215, 28.1722313], [77.5714717, 28.1723003], [77.5717812, 28.1723746], [77.5720625, 28.1724628], [77.5722844, 28.1725482], [77.5725586, 28.1726612]]}}, {"id": "242", "type": "Feature", "properties": {"name": "Yamuna Expressway", "highway": "motorway", "ref": null}, "geometry": {"type": "LineString", "coordinates": [[77.5669269, 28.1741116], [77.5672148, 28.1732576], [77.5674277, 28.1724186], [77.5676402, 28.1717031], [77.5676731, 28.17158], [77.5677035, 28.1714662]]}}, {"id": "243", "type": "Feature", "properties": {"name": null, "highway": "motorway_link", "ref": null}, "geometry": {"type": "LineString", "coordinates": [[77.5724079, 28.1723758], [77.5721961, 28.1722239], [77.5720356, 28.1721256], [77.5718505, 28.172032], [77.5716628, 28.1719529], [77.5714641, 28.1718713], [77.5712805, 28.1718078], [77.57094, 28.1717045], [77.5707948, 28.1716555], [77.5706614, 28.1716075], [77.5705689, 28.1715619], [77.5704601, 28.1714948], [77.5703649, 28.1714132], [77.570286, 28.1713196], [77.5702152, 28.1712261], [77.5701553, 28.1710942], [77.5701091, 28.1709407], [77.5700846, 28.1707919], [77.5700563, 28.1705525], [77.5700383, 28.1704069], [77.5699988, 28.1702772], [77.5699414, 28.1701347], [77.5698803, 28.1700303], [77.5697906, 28.1699163], [77.5696829, 28.1698214], [77.56955, 28.1697233], [77.5693813, 28.169622], [77.5691694, 28.169508], [77.5689935, 28.1694194], [77.5688858, 28.1693466], [77.5687458, 28.16922], [77.5686596, 28.1691187], [77.5686021, 28.1690175], [77.5685627, 28.1688972], [77.5685411, 28.1687642], [77.5685375, 28.1686123], [77.5685447, 28.1684477], [77.568588, 28.1679728], [77.5686328, 28.1675458], [77.5686492, 28.1673297], [77.5686521, 28.1671178]]}}, {"id": "244", "type": "Feature", "properties": {"name": "Ghaziabad East-Greater Noida-Jewar Airport East Road", "highway": "motorway", "ref": null}, "geometry": {"type": "LineString", "coordinates": [[77.5724079, 28.1723758], [77.5721142, 28.1722314], [77.5718449, 28.1721175], [77.5715218, 28.1720067], [77.5712352, 28.1719285], [77.57089, 28.1718423], [77.5705674, 28.1717657], [77.5702474, 28.1716963], [77.5696381, 28.1715727], [77.5691774, 28.1714822], [77.5687413, 28.1714001], [77.5684355, 28.1713507]]}}, {"id": "245", "type": "Feature", "properties": {"name": "Yamuna Expressway", "highway": "motorway", "ref": null}, "geometry": {"type": "LineString", "coordinates": [[77.5677035, 28.1714662], [77.5677745, 28.1712004]]}}, {"id": "246", "type": "Feature", "properties": {"name": "Yamuna Expressway", "highway": "motorway", "ref": null}, "geometry": {"type": "LineString", "coordinates": [[77.5686521, 28.1671178], [77.5688785, 28.1659952], [77.5694412, 28.1634637], [77.5695319, 28.1630139], [77.569884, 28.1612677], [77.5710413, 28.1555192], [77.5710854, 28.1553002], [77.5714387, 28.1535455], [77.5715332, 28.1529749], [77.5721772, 28.1482561], [77.5727013, 28.1444632], [77.5727828, 28.1438735]]}}, {"id": "247", "type": "Feature", "properties": {"name": "Yamuna Expressway", "highway": "motorway", "ref": null}, "geometry": {"type": "LineString", "coordinates": [[77.5675583, 28.1711586], [77.5674722, 28.171457]]}}, {"id": "248", "type": "Feature", "properties": {"name": null, "highway": "motorway_link", "ref": null}, "geometry": {"type": "LineString", "coordinates": [[77.5674722, 28.171457], [77.5673678, 28.1716676], [77.5672812, 28.1718675], [77.5671698, 28.1721547], [77.5670585, 28.1724456], [77.566943, 28.1726565], [77.5667904, 28.1728128], [77.5666502, 28.172911], [77.5664233, 28.1729909], [77.5661883, 28.1730273], [77.5660027, 28.1730164], [77.5657717, 28.1729546], [77.5655779, 28.1728601], [77.5654005, 28.1727037], [77.5652933, 28.172511], [77.5652479, 28.1723402], [77.5652314, 28.1721875], [77.5652603, 28.1720202], [77.5653139, 28.1718893], [77.5654129, 28.1717366], [77.5655737, 28.1715949], [77.5657305, 28.171504], [77.5659573, 28.1714349], [77.5662047, 28.1713985], [77.5664687, 28.1713658], [77.5667367, 28.1713337]]}}, {"id": "249", "type": "Feature", "properties": {"name": "Yamuna Expressway", "highway": "motorway", "ref": null}, "geometry": {"type": "LineString", "coordinates": [[77.5674722, 28.171457], [77.5674372, 28.1715784], [77.5673373, 28.171925], [77.5669889, 28.173106], [77.5667104, 28.1741163]]}}, {"id": "250", "type": "Feature", "properties": {"name": null, "highway": "motorway_link", "ref": null}, "geometry": {"type": "LineString", "coordinates": [[77.5680197, 28.2282944], [77.56787, 28.2280713], [77.5677627, 28.227497], [77.5676474, 28.2269322], [77.567608, 28.2254197], [77.5676224, 28.2251373], [77.5676141, 28.224511], [77.5676722, 28.2237872], [77.5678354, 28.2231633], [77.5678492, 28.2229293], [77.5679101, 28.2225735], [77.568021, 28.2223463]]}}, {"id": "251", "type": "Feature", "properties": {"name": "Yamuna Expressway", "highway": "motorway", "ref": null}, "geometry": {"type": "LineString", "coordinates": [[77.5680197, 28.2282944], [77.56802, 28.2295223], [77.5680206, 28.2321157], [77.568025, 28.235618], [77.5680399, 28.2363139], [77.5680646, 28.2380204], [77.5680691, 28.2382294], [77.5681046, 28.2393384], [77.5681046, 28.2413602], [77.5680843, 28.2432148], [77.5679508, 28.2500947], [77.5679371, 28.2515103], [77.5680606, 28.25389], [77.5680711, 28.2546972], [77.5680739, 28.2550555], [77.5680249, 28.2588853], [77.5679693, 28.2630121], [77.5679164, 28.2657562], [77.5679138, 28.2659606], [77.5678062, 28.2672706], [77.5676343, 28.2687042], [77.5674374, 28.2699321], [77.5672484, 28.270884], [77.567039, 28.271817], [77.5668597, 28.2725589], [77.5666571, 28.2732637], [77.566527, 28.2737015], [77.5661625, 28.2748593], [77.564735, 28.2791871], [77.564278, 28.2806395], [77.5641272, 28.2811188], [77.5635857, 28.2828487]]}}, {"id": "252", "type": "Feature", "properties": {"name": null, "highway": "motorway_link", "ref": null}, "geometry": {"type": "LineString", "coordinates": [[77.5614602, 28.1714625], [77.5620856, 28.1714674], [77.5625404, 28.1714632], [77.5629526, 28.1714381], [77.5635448, 28.1714005], [77.5638764, 28.171388], [77.5641133, 28.171388], [77.5642886, 28.1714214], [77.5644591, 28.1714715], [77.5646534, 28.1715759], [77.5648192, 28.1716971], [77.5649471, 28.1718933], [77.5650466, 28.1721272], [77.5651109, 28.1723293], [77.5651772, 28.1725318], [77.565234, 28.1726571], [77.5653193, 28.172774], [77.5654093, 28.1728743], [77.5655535, 28.1729886], [77.5657366, 28.1730835], [77.5659448, 28.1731563], [77.5661243, 28.1732196], [77.5662787, 28.1732798], [77.5664188, 28.1733526], [77.5665408, 28.1734443], [77.5666126, 28.1735361], [77.5666521, 28.1736026], [77.5666916, 28.1737229], [77.5667096, 28.1738526], [77.5667132, 28.1739919], [77.5667104, 28.1741163]]}}, {"id": "253", "type": "Feature", "properties": {"name": "Ghaziabad East-Greater Noida-Jewar Airport East Road", "highway": "motorway", "ref": null}, "geometry": {"type": "LineString", "coordinates": [[77.5614602, 28.1714625], [77.5615511, 28.1714496], [77.5624276, 28.1713578], [77.5632511, 28.1712944], [77.5643558, 28.1712464], [77.5651395, 28.1712512], [77.5659231, 28.17128], [77.5667367, 28.1713337]]}}, {"id": "254", "type": "Feature", "properties": {"name": "Yamuna Expressway", "highway": "motorway", "ref": null}, "geometry": {"type": "LineString", "coordinates": [[77.5683737, 28.1674702], [77.5680378, 28.1691336], [77.5677707, 28.1703365], [77.5676019, 28.171007], [77.5675916, 28.1710429], [77.5675583, 28.1711586]]}}, {"id": "255", "type": "Feature", "properties": {"name": null, "highway": "motorway_link", "ref": null}, "geometry": {"type": "LineString", "coordinates": [[77.5683737, 28.1674702], [77.5682503, 28.1677548], [77.5681282, 28.1680714], [77.5680528, 28.1683467], [77.5679654, 28.1686657], [77.5679188, 28.1688208], [77.5678649, 28.1689316], [77.5677859, 28.1690202], [77.5676674, 28.169112], [77.5675202, 28.1691721], [77.5672509, 28.1692544], [77.5670283, 28.1692892], [77.5667016, 28.1693177], [77.5665006, 28.1693399], [77.5663246, 28.1693937], [77.5661667, 28.1694696], [77.5659943, 28.1695773], [77.565883, 28.1696817], [77.5657753, 28.1698178], [77.5656927, 28.1699729], [77.5655813, 28.1702365], [77.5654724, 28.1704788], [77.5653539, 28.1706333], [77.5651881, 28.1707753], [77.5650412, 28.1708546], [77.564847, 28.1709298], [77.5646291, 28.1709632], [77.5643353, 28.1709841], [77.56398, 28.1710008], [77.5629904, 28.1710447], [77.5625367, 28.171081], [77.5621696, 28.1711247], [77.5617985, 28.1711756], [77.5612664, 28.1712665], [77.5609159, 28.1713392], [77.5605297, 28.1714498]]}}, {"id": "256", "type": "Feature", "properties": {"name": "Ghaziabad East-Greater Noida-Jewar Airport East Road", "highway": "motorway", "ref": null}, "geometry": {"type": "LineString", "coordinates": [[77.5605297, 28.1714498], [77.5602375, 28.1715142], [77.5598947, 28.1716245], [77.5595573, 28.1717685], [77.5592525, 28.1719172], [77.5589804, 28.1720947], [77.5587141, 28.1722889]]}}, {"id": "257", "type": "Feature", "properties": {"name": "Noida-Greater Noida Expressway", "highway": "motorway", "ref": null}, "geometry": {"type": "LineString", "coordinates": [[77.4993004, 28.4559201], [77.5010047, 28.4572099], [77.501298, 28.457447], [77.5035282, 28.459279]]}}, {"id": "258", "type": "Feature", "properties": {"name": null, "highway": "motorway_link", "ref": null}, "geometry": {"type": "LineString", "coordinates": [[77.4993004, 28.4559201], [77.4996556, 28.4563319], [77.4997434, 28.456517], [77.5005024, 28.4570842], [77.5006307, 28.4572072], [77.5007156, 28.4573517], [77.5007387, 28.4574801], [77.5007183, 28.4575951], [77.5006229, 28.4577727]]}}, {"id": "259", "type": "Feature", "properties": {"name": null, "highway": "trunk_link", "ref": null}, "geometry": {"type": "LineString", "coordinates": [[77.3522918, 28.5357962], [77.3522503, 28.5360725]]}}, {"id": "260", "type": "Feature", "properties": {"name": "Noida-Greater Noida Expressway", "highway": "motorway", "ref": null}, "geometry": {"type": "LineString", "coordinates": [[77.3522503, 28.5360725], [77.3521951, 28.5361097], [77.3489965, 28.5381208], [77.3477055, 28.5389172], [77.3441024, 28.541208], [77.3421, 28.5424555], [77.3396759, 28.5439398], [77.338863, 28.5445018]]}}, {"id": "261", "type": "Feature", "properties": {"name": null, "highway": "trunk_link", "ref": null}, "geometry": {"type": "LineString", "coordinates": [[77.3143624, 28.5740649], [77.3141708, 28.5738483], [77.3139941, 28.5737157], [77.3136062, 28.5735471], [77.3131962, 28.5734276], [77.3128858, 28.5733245]]}}, {"id": "262", "type": "Feature", "properties": {"name": null, "highway": "motorway_link, trunk_link", "ref": null}, "geometry": {"type": "LineString", "coordinates": [[77.5017132, 28.4566113], [77.5015983, 28.4566672], [77.5014621, 28.4567057], [77.501304, 28.4567199], [77.5011278, 28.4566758], [77.4997272, 28.4559273]]}}, {"id": "263", "type": "Feature", "properties": {"name": "Noida-Greater Noida Expressway", "highway": "motorway", "ref": null}, "geometry": {"type": "LineString", "coordinates": [[77.509924, 28.4640485], [77.5096556, 28.4638443], [77.5058687, 28.4608772], [77.5056132, 28.4606627], [77.5051836, 28.4602907]]}}, {"id": "264", "type": "Feature", "properties": {"name": null, "highway": "motorway_link", "ref": null}, "geometry": {"type": "LineString", "coordinates": [[77.509924, 28.4640485], [77.5097921, 28.4638113], [77.5097407, 28.4636677], [77.5096968, 28.4634478], [77.5096725, 28.4631338], [77.5096699, 28.4629631], [77.5096566, 28.462833]]}}, {"id": "265", "type": "Feature", "properties": {"name": null, "highway": "trunk", "ref": "NH334DD"}, "geometry": {"type": "LineString", "coordinates": [[77.5709371, 28.1362704], [77.5710373, 28.1363493]]}}, {"id": "266", "type": "Feature", "properties": {"name": null, "highway": "motorway_link", "ref": null}, "geometry": {"type": "LineString", "coordinates": [[77.5709371, 28.1362704], [77.5708613, 28.1364193], [77.5707494, 28.1366218]]}}, {"id": "267", "type": "Feature", "properties": {"name": null, "highway": "trunk_link", "ref": null}, "geometry": {"type": "LineString", "coordinates": [[77.303487, 28.5816494], [77.3032948, 28.5819258]]}}, {"id": "268", "type": "Feature", "properties": {"name": null, "highway": "trunk_link", "ref": null}, "geometry": {"type": "LineString", "coordinates": [[77.303487, 28.5816494], [77.3034183, 28.5814843], [77.3034157, 28.5813423], [77.3034278, 28.5811573]]}}, {"id": "269", "type": "Feature", "properties": {"name": null, "highway": "trunk_link", "ref": null}, "geometry": {"type": "LineString", "coordinates": [[77.3058333, 28.5831136], [77.305824, 28.5830029], [77.303487, 28.5816494]]}}, {"id": "270", "type": "Feature", "properties": {"name": null, "highway": "trunk_link", "ref": null}, "geometry": {"type": "LineString", "coordinates": [[77.3032948, 28.5819258], [77.303487, 28.5816494]]}}, {"id": "271", "type": "Feature", "properties": {"name": null, "highway": "trunk_link", "ref": null}, "geometry": {"type": "LineString", "coordinates": [[77.3032948, 28.5819258], [77.3053842, 28.5831669], [77.3055134, 28.5832463], [77.3055869, 28.583297], [77.3057109, 28.5833794], [77.3063949, 28.5837727], [77.3064646, 28.5838122], [77.3065612, 28.5838546], [77.3067783, 28.5839034]]}}, {"id": "272", "type": "Feature", "properties": {"name": "DND Flyway", "highway": "motorway", "ref": null}, "geometry": {"type": "LineString", "coordinates": [[77.304174, 28.5756143], [77.3047967, 28.5743966], [77.305116, 28.5740065], [77.3052563, 28.5738447], [77.3054113, 28.5736566], [77.3056734, 28.5734647], [77.305945, 28.5732369]]}}, {"id": "273", "type": "Feature", "properties": {"name": null, "highway": "trunk_link", "ref": null}, "geometry": {"type": "LineString", "coordinates": [[77.3027797, 28.582023], [77.3030037, 28.5819159], [77.3031838, 28.5818919], [77.3032948, 28.5819258]]}}, {"id": "274", "type": "Feature", "properties": {"name": "Dadri Road", "highway": "trunk", "ref": null}, "geometry": {"type": "LineString", "coordinates": [[77.3027797, 28.582023], [77.3030475, 28.5816757], [77.3030742, 28.581641], [77.3031405, 28.5815502], [77.3031622, 28.5815206], [77.3033067, 28.5813229]]}}, {"id": "275", "type": "Feature", "properties": {"name": "Dadri Road", "highway": "trunk", "ref": null}, "geometry": {"type": "LineString", "coordinates": [[77.3034278, 28.5811573], [77.3047103, 28.579403], [77.3055367, 28.5782725], [77.3065928, 28.5768278], [77.3070392, 28.5762171], [77.3074655, 28.575644], [77.3082542, 28.574582], [77.3087553, 28.5739145]]}}, {"id": "276", "type": "Feature", "properties": {"name": "Noida-Greater Noida Expressway", "highway": "motorway", "ref": null}, "geometry": {"type": "LineString", "coordinates": [[77.5035282, 28.459279], [77.5044353, 28.459919], [77.5055502, 28.4607936], [77.5058312, 28.461014], [77.5078619, 28.4626567], [77.5089259, 28.4635089], [77.5096884, 28.4641236], [77.5099606, 28.4643154], [77.5107054, 28.4648847], [77.510815, 28.4649842], [77.5108655, 28.4650515], [77.5109129, 28.4652184]]}}, {"id": "277", "type": "Feature", "properties": {"name": "Noida-Greater Noida Expressway", "highway": "motorway", "ref": null}, "geometry": {"type": "LineString", "coordinates": [[77.4997272, 28.4559273], [77.4977069, 28.4543476]]}}, {"id": "278", "type": "Feature", "properties": {"name": null, "highway": "primary_link", "ref": null}, "geometry": {"type": "LineString", "coordinates": [[77.3296626, 28.5723183], [77.3297087, 28.5722967], [77.3298603, 28.5723085], [77.3299904, 28.572346], [77.3301327, 28.5724156], [77.3302291, 28.5724617], [77.3302983, 28.5724761], [77.330373, 28.572461]]}}, {"id": "279", "type": "Feature", "properties": {"name": null, "highway": "motorway_link", "ref": null}, "geometry": {"type": "LineString", "coordinates": [[77.3037142, 28.5753287], [77.3037574, 28.5754681], [77.3033603, 28.5761623], [77.3035333, 28.5762555], [77.3039147, 28.5756546], [77.304174, 28.5756143]]}}, {"id": "280", "type": "Feature", "properties": {"name": "DND Flyway", "highway": "motorway", "ref": null}, "geometry": {"type": "LineString", "coordinates": [[77.3037142, 28.5753287], [77.3033244, 28.5756896], [77.3032363, 28.5758908], [77.3030301, 28.5763007]]}}, {"id": "281", "type": "Feature", "properties": {"name": null, "highway": "motorway_link", "ref": null}, "geometry": {"type": "LineString", "coordinates": [[77.4885438, 28.4470399], [77.4882585, 28.4469253]]}}, {"id": "282", "type": "Feature", "properties": {"name": "Maharaja Agrasen Marg Flyover Ramp", "highway": "primary_link", "ref": null}, "geometry": {"type": "LineString", "coordinates": [[77.3487246, 28.5861084], [77.3488446, 28.5862621], [77.348934, 28.5863281], [77.3489664, 28.586352], [77.3492818, 28.5865848], [77.3503922, 28.5874021], [77.3512881, 28.5880698], [77.351668, 28.5882283]]}}, {"id": "283", "type": "Feature", "properties": {"name": null, "highway": "motorway_link", "ref": null}, "geometry": {"type": "LineString", "coordinates": [[77.3817352, 28.5157287], [77.3811741, 28.515964]]}}, {"id": "284", "type": "Feature", "properties": {"name": "Noida-Greater Noida Expressway", "highway": "motorway", "ref": null}, "geometry": {"type": "LineString", "coordinates": [[77.3817352, 28.5157287], [77.3814456, 28.5160002], [77.3798449, 28.5175005], [77.3796558, 28.5176762]]}}, {"id": "285", "type": "Feature", "properties": {"name": "Maharaja Agrasen Marg", "highway": "primary", "ref": null}, "geometry": {"type": "LineString", "coordinates": [[77.3159332, 28.5651765], [77.3171369, 28.565396], [77.3173036, 28.5654255], [77.3177663, 28.5654934], [77.3184524, 28.5655753], [77.3189197, 28.5656746]]}}, {"id": "286", "type": "Feature", "properties": {"name": null, "highway": "primary", "ref": null}, "geometry": {"type": "LineString", "coordinates": [[77.3729327, 28.6009378], [77.3721217, 28.6009979]]}}]}